-- MySQL dump 10.13  Distrib 8.0.21, for Win64 (x86_64)
--
-- Host: localhost    Database: championsleaguedb
-- ------------------------------------------------------
-- Server version	8.0.21

/*!40101 SET @OLD_CHARACTER_SET_CLIENT=@@CHARACTER_SET_CLIENT */;
/*!40101 SET @OLD_CHARACTER_SET_RESULTS=@@CHARACTER_SET_RESULTS */;
/*!40101 SET @OLD_COLLATION_CONNECTION=@@COLLATION_CONNECTION */;
/*!50503 SET NAMES utf8 */;
/*!40103 SET @OLD_TIME_ZONE=@@TIME_ZONE */;
/*!40103 SET TIME_ZONE='+00:00' */;
/*!40014 SET @OLD_UNIQUE_CHECKS=@@UNIQUE_CHECKS, UNIQUE_CHECKS=0 */;
/*!40014 SET @OLD_FOREIGN_KEY_CHECKS=@@FOREIGN_KEY_CHECKS, FOREIGN_KEY_CHECKS=0 */;
/*!40101 SET @OLD_SQL_MODE=@@SQL_MODE, SQL_MODE='NO_AUTO_VALUE_ON_ZERO' */;
/*!40111 SET @OLD_SQL_NOTES=@@SQL_NOTES, SQL_NOTES=0 */;

--
-- Table structure for table `auth_group`
--

DROP TABLE IF EXISTS `auth_group`;
/*!40101 SET @saved_cs_client     = @@character_set_client */;
/*!50503 SET character_set_client = utf8mb4 */;
CREATE TABLE `auth_group` (
  `id` int NOT NULL AUTO_INCREMENT,
  `name` varchar(150) NOT NULL,
  PRIMARY KEY (`id`),
  UNIQUE KEY `name` (`name`)
) ENGINE=InnoDB DEFAULT CHARSET=utf8mb4 COLLATE=utf8mb4_0900_ai_ci;
/*!40101 SET character_set_client = @saved_cs_client */;

--
-- Dumping data for table `auth_group`
--

LOCK TABLES `auth_group` WRITE;
/*!40000 ALTER TABLE `auth_group` DISABLE KEYS */;
/*!40000 ALTER TABLE `auth_group` ENABLE KEYS */;
UNLOCK TABLES;

--
-- Table structure for table `auth_group_permissions`
--

DROP TABLE IF EXISTS `auth_group_permissions`;
/*!40101 SET @saved_cs_client     = @@character_set_client */;
/*!50503 SET character_set_client = utf8mb4 */;
CREATE TABLE `auth_group_permissions` (
  `id` int NOT NULL AUTO_INCREMENT,
  `group_id` int NOT NULL,
  `permission_id` int NOT NULL,
  PRIMARY KEY (`id`),
  UNIQUE KEY `auth_group_permissions_group_id_permission_id_0cd325b0_uniq` (`group_id`,`permission_id`),
  KEY `auth_group_permissio_permission_id_84c5c92e_fk_auth_perm` (`permission_id`),
  CONSTRAINT `auth_group_permissio_permission_id_84c5c92e_fk_auth_perm` FOREIGN KEY (`permission_id`) REFERENCES `auth_permission` (`id`),
  CONSTRAINT `auth_group_permissions_group_id_b120cbf9_fk_auth_group_id` FOREIGN KEY (`group_id`) REFERENCES `auth_group` (`id`)
) ENGINE=InnoDB DEFAULT CHARSET=utf8mb4 COLLATE=utf8mb4_0900_ai_ci;
/*!40101 SET character_set_client = @saved_cs_client */;

--
-- Dumping data for table `auth_group_permissions`
--

LOCK TABLES `auth_group_permissions` WRITE;
/*!40000 ALTER TABLE `auth_group_permissions` DISABLE KEYS */;
/*!40000 ALTER TABLE `auth_group_permissions` ENABLE KEYS */;
UNLOCK TABLES;

--
-- Table structure for table `auth_permission`
--

DROP TABLE IF EXISTS `auth_permission`;
/*!40101 SET @saved_cs_client     = @@character_set_client */;
/*!50503 SET character_set_client = utf8mb4 */;
CREATE TABLE `auth_permission` (
  `id` int NOT NULL AUTO_INCREMENT,
  `name` varchar(255) NOT NULL,
  `content_type_id` int NOT NULL,
  `codename` varchar(100) NOT NULL,
  PRIMARY KEY (`id`),
  UNIQUE KEY `auth_permission_content_type_id_codename_01ab375a_uniq` (`content_type_id`,`codename`),
  CONSTRAINT `auth_permission_content_type_id_2f476e4b_fk_django_co` FOREIGN KEY (`content_type_id`) REFERENCES `django_content_type` (`id`)
) ENGINE=InnoDB AUTO_INCREMENT=61 DEFAULT CHARSET=utf8mb4 COLLATE=utf8mb4_0900_ai_ci;
/*!40101 SET character_set_client = @saved_cs_client */;

--
-- Dumping data for table `auth_permission`
--

LOCK TABLES `auth_permission` WRITE;
/*!40000 ALTER TABLE `auth_permission` DISABLE KEYS */;
INSERT INTO `auth_permission` VALUES (1,'Can add log entry',1,'add_logentry'),(2,'Can change log entry',1,'change_logentry'),(3,'Can delete log entry',1,'delete_logentry'),(4,'Can view log entry',1,'view_logentry'),(5,'Can add permission',2,'add_permission'),(6,'Can change permission',2,'change_permission'),(7,'Can delete permission',2,'delete_permission'),(8,'Can view permission',2,'view_permission'),(9,'Can add group',3,'add_group'),(10,'Can change group',3,'change_group'),(11,'Can delete group',3,'delete_group'),(12,'Can view group',3,'view_group'),(13,'Can add user',4,'add_user'),(14,'Can change user',4,'change_user'),(15,'Can delete user',4,'delete_user'),(16,'Can view user',4,'view_user'),(17,'Can add content type',5,'add_contenttype'),(18,'Can change content type',5,'change_contenttype'),(19,'Can delete content type',5,'delete_contenttype'),(20,'Can view content type',5,'view_contenttype'),(21,'Can add session',6,'add_session'),(22,'Can change session',6,'change_session'),(23,'Can delete session',6,'delete_session'),(24,'Can view session',6,'view_session'),(25,'Can add club',7,'add_club'),(26,'Can change club',7,'change_club'),(27,'Can delete club',7,'delete_club'),(28,'Can view club',7,'view_club'),(29,'Can add group',8,'add_group'),(30,'Can change group',8,'change_group'),(31,'Can delete group',8,'delete_group'),(32,'Can view group',8,'view_group'),(33,'Can add manager',9,'add_manager'),(34,'Can change manager',9,'change_manager'),(35,'Can delete manager',9,'delete_manager'),(36,'Can view manager',9,'view_manager'),(37,'Can add team',10,'add_team'),(38,'Can change team',10,'change_team'),(39,'Can delete team',10,'delete_team'),(40,'Can view team',10,'view_team'),(41,'Can add player',11,'add_player'),(42,'Can change player',11,'change_player'),(43,'Can delete player',11,'delete_player'),(44,'Can view player',11,'view_player'),(45,'Can add team groups',10,'add_teamgroups'),(46,'Can change team groups',10,'change_teamgroups'),(47,'Can delete team groups',10,'delete_teamgroups'),(48,'Can view team groups',10,'view_teamgroups'),(49,'Can add all teams',12,'add_allteams'),(50,'Can change all teams',12,'change_allteams'),(51,'Can delete all teams',12,'delete_allteams'),(52,'Can view all teams',12,'view_allteams'),(53,'Can add stadium',13,'add_stadium'),(54,'Can change stadium',13,'change_stadium'),(55,'Can delete stadium',13,'delete_stadium'),(56,'Can view stadium',13,'view_stadium'),(57,'Can add captain',14,'add_captain'),(58,'Can change captain',14,'change_captain'),(59,'Can delete captain',14,'delete_captain'),(60,'Can view captain',14,'view_captain');
/*!40000 ALTER TABLE `auth_permission` ENABLE KEYS */;
UNLOCK TABLES;

--
-- Table structure for table `auth_user`
--

DROP TABLE IF EXISTS `auth_user`;
/*!40101 SET @saved_cs_client     = @@character_set_client */;
/*!50503 SET character_set_client = utf8mb4 */;
CREATE TABLE `auth_user` (
  `id` int NOT NULL AUTO_INCREMENT,
  `password` varchar(128) NOT NULL,
  `last_login` datetime(6) DEFAULT NULL,
  `is_superuser` tinyint(1) NOT NULL,
  `username` varchar(150) NOT NULL,
  `first_name` varchar(150) NOT NULL,
  `last_name` varchar(150) NOT NULL,
  `email` varchar(254) NOT NULL,
  `is_staff` tinyint(1) NOT NULL,
  `is_active` tinyint(1) NOT NULL,
  `date_joined` datetime(6) NOT NULL,
  PRIMARY KEY (`id`),
  UNIQUE KEY `username` (`username`)
) ENGINE=InnoDB AUTO_INCREMENT=2 DEFAULT CHARSET=utf8mb4 COLLATE=utf8mb4_0900_ai_ci;
/*!40101 SET character_set_client = @saved_cs_client */;

--
-- Dumping data for table `auth_user`
--

LOCK TABLES `auth_user` WRITE;
/*!40000 ALTER TABLE `auth_user` DISABLE KEYS */;
INSERT INTO `auth_user` VALUES (1,'pbkdf2_sha256$216000$cpgg6THXkYWx$jLSL3QgZ3Seuua/ZDDKBoara4+7YzEkmoBvmNQqfOIE=','2020-09-27 12:46:01.855477',1,'avihwr','','','',1,1,'2020-09-08 16:40:04.498432');
/*!40000 ALTER TABLE `auth_user` ENABLE KEYS */;
UNLOCK TABLES;

--
-- Table structure for table `auth_user_groups`
--

DROP TABLE IF EXISTS `auth_user_groups`;
/*!40101 SET @saved_cs_client     = @@character_set_client */;
/*!50503 SET character_set_client = utf8mb4 */;
CREATE TABLE `auth_user_groups` (
  `id` int NOT NULL AUTO_INCREMENT,
  `user_id` int NOT NULL,
  `group_id` int NOT NULL,
  PRIMARY KEY (`id`),
  UNIQUE KEY `auth_user_groups_user_id_group_id_94350c0c_uniq` (`user_id`,`group_id`),
  KEY `auth_user_groups_group_id_97559544_fk_auth_group_id` (`group_id`),
  CONSTRAINT `auth_user_groups_group_id_97559544_fk_auth_group_id` FOREIGN KEY (`group_id`) REFERENCES `auth_group` (`id`),
  CONSTRAINT `auth_user_groups_user_id_6a12ed8b_fk_auth_user_id` FOREIGN KEY (`user_id`) REFERENCES `auth_user` (`id`)
) ENGINE=InnoDB DEFAULT CHARSET=utf8mb4 COLLATE=utf8mb4_0900_ai_ci;
/*!40101 SET character_set_client = @saved_cs_client */;

--
-- Dumping data for table `auth_user_groups`
--

LOCK TABLES `auth_user_groups` WRITE;
/*!40000 ALTER TABLE `auth_user_groups` DISABLE KEYS */;
/*!40000 ALTER TABLE `auth_user_groups` ENABLE KEYS */;
UNLOCK TABLES;

--
-- Table structure for table `auth_user_user_permissions`
--

DROP TABLE IF EXISTS `auth_user_user_permissions`;
/*!40101 SET @saved_cs_client     = @@character_set_client */;
/*!50503 SET character_set_client = utf8mb4 */;
CREATE TABLE `auth_user_user_permissions` (
  `id` int NOT NULL AUTO_INCREMENT,
  `user_id` int NOT NULL,
  `permission_id` int NOT NULL,
  PRIMARY KEY (`id`),
  UNIQUE KEY `auth_user_user_permissions_user_id_permission_id_14a6b632_uniq` (`user_id`,`permission_id`),
  KEY `auth_user_user_permi_permission_id_1fbb5f2c_fk_auth_perm` (`permission_id`),
  CONSTRAINT `auth_user_user_permi_permission_id_1fbb5f2c_fk_auth_perm` FOREIGN KEY (`permission_id`) REFERENCES `auth_permission` (`id`),
  CONSTRAINT `auth_user_user_permissions_user_id_a95ead1b_fk_auth_user_id` FOREIGN KEY (`user_id`) REFERENCES `auth_user` (`id`)
) ENGINE=InnoDB DEFAULT CHARSET=utf8mb4 COLLATE=utf8mb4_0900_ai_ci;
/*!40101 SET character_set_client = @saved_cs_client */;

--
-- Dumping data for table `auth_user_user_permissions`
--

LOCK TABLES `auth_user_user_permissions` WRITE;
/*!40000 ALTER TABLE `auth_user_user_permissions` DISABLE KEYS */;
/*!40000 ALTER TABLE `auth_user_user_permissions` ENABLE KEYS */;
UNLOCK TABLES;

--
-- Table structure for table `championsleague_allteams`
--

DROP TABLE IF EXISTS `championsleague_allteams`;
/*!40101 SET @saved_cs_client     = @@character_set_client */;
/*!50503 SET character_set_client = utf8mb4 */;
CREATE TABLE `championsleague_allteams` (
  `id` int NOT NULL AUTO_INCREMENT,
  `teams` varchar(100) NOT NULL,
  PRIMARY KEY (`id`)
) ENGINE=InnoDB AUTO_INCREMENT=33 DEFAULT CHARSET=utf8mb4 COLLATE=utf8mb4_0900_ai_ci;
/*!40101 SET character_set_client = @saved_cs_client */;

--
-- Dumping data for table `championsleague_allteams`
--

LOCK TABLES `championsleague_allteams` WRITE;
/*!40000 ALTER TABLE `championsleague_allteams` DISABLE KEYS */;
INSERT INTO `championsleague_allteams` VALUES (1,'Bayern Munich'),(2,'Paris Saint-Germain'),(3,'Manchester City'),(4,'Liverpool FC'),(5,'FC Barcelona'),(6,'Chelsea FC'),(7,'Real Madrid'),(8,'Atlético Madrid'),(9,'Tottenham Hotspur'),(10,'Inter Milan'),(11,'Juventus FC'),(12,'SSC Napoli'),(13,'Borussia Dortmund'),(14,'RB Leipzi'),(15,'SL Benfica'),(16,'Atalanta BC'),(17,'Olympique Lyon'),(18,'Bayer 04 Leverkusen'),(19,'Valencia CF'),(20,'Ajax Amsterdam'),(21,'LOSC Lille'),(22,'Zenit St. Petersburg'),(23,'Shakhtar Donetsk'),(24,'Red Bull Salzburg'),(25,'Club Brugge KV'),(26,'KRC Genk'),(27,'Olympiacos Piraeus'),(28,'GNK Dinamo Zagreb'),(29,'Lokomotiv Moscow'),(30,'Galatasaray SK'),(31,'Red Star Belgrade'),(32,'SK Slavia Prague');
/*!40000 ALTER TABLE `championsleague_allteams` ENABLE KEYS */;
UNLOCK TABLES;

--
-- Table structure for table `championsleague_captain`
--

DROP TABLE IF EXISTS `championsleague_captain`;
/*!40101 SET @saved_cs_client     = @@character_set_client */;
/*!50503 SET character_set_client = utf8mb4 */;
CREATE TABLE `championsleague_captain` (
  `id` int NOT NULL AUTO_INCREMENT,
  `Captain` varchar(100) NOT NULL,
  PRIMARY KEY (`id`)
) ENGINE=InnoDB AUTO_INCREMENT=33 DEFAULT CHARSET=utf8mb4 COLLATE=utf8mb4_0900_ai_ci;
/*!40101 SET character_set_client = @saved_cs_client */;

--
-- Dumping data for table `championsleague_captain`
--

LOCK TABLES `championsleague_captain` WRITE;
/*!40000 ALTER TABLE `championsleague_captain` DISABLE KEYS */;
INSERT INTO `championsleague_captain` VALUES (1,'Manuel Neuer'),(2,'Lionel Messi'),(3,'Sergio Ramos'),(4,'Girgio Chiellini'),(5,'David Silva'),(6,'Jordan Brian Henderson'),(7,'Neymar Jr.'),(8,'Erling Braut Haaland'),(9,'Dries Mertens'),(10,'Harry Kane'),(11,'Álvaro Morata'),(12,'Lautaro Martínez'),(13,'Quincy Promes'),(14,'Timo Werner'),(15,'Memphis Depay'),(16,'Rúben Afonso Borges Semedo'),(17,'Josip Ilicic'),(18,'Emil Forsberg'),(19,'Mislav Orsic'),(20,'Pizzi'),(21,'Tomas Soucek'),(22,'Mbwana Aly Samatta'),(23,'Andreas Ulmer'),(24,'Dani Parejo'),(25,'Taison'),(26,'Hulk'),(27,'Lars Bender'),(28,'Guilherme'),(29,'Ruud Vormer'),(30,'José Fonte'),(31,'Stevan Stojanovic'),(32,'Fernando Muslera');
/*!40000 ALTER TABLE `championsleague_captain` ENABLE KEYS */;
UNLOCK TABLES;

--
-- Table structure for table `championsleague_club`
--

DROP TABLE IF EXISTS `championsleague_club`;
/*!40101 SET @saved_cs_client     = @@character_set_client */;
/*!50503 SET character_set_client = utf8mb4 */;
CREATE TABLE `championsleague_club` (
  `id` int NOT NULL AUTO_INCREMENT,
  `Club_Manager_id` int DEFAULT NULL,
  `Club_Name_id` int DEFAULT NULL,
  `Relation_id` int DEFAULT NULL,
  `Goals` int unsigned DEFAULT NULL,
  `img` varchar(100) DEFAULT NULL,
  `Market_Value` double DEFAULT NULL,
  `Stadium_id` int DEFAULT NULL,
  `Club_Captain_id` int DEFAULT NULL,
  PRIMARY KEY (`id`),
  UNIQUE KEY `Club_Name_id` (`Club_Name_id`),
  UNIQUE KEY `ChampionsLeague_club_Club_Manager_id_bb5303b1_uniq` (`Club_Manager_id`),
  UNIQUE KEY `ChampionsLeague_club_Stadium_id_dd29e81d_uniq` (`Stadium_id`),
  UNIQUE KEY `Club_Captain_id` (`Club_Captain_id`),
  KEY `ChampionsLeague_club_Relation_id_3411093b_fk_Champions` (`Relation_id`),
  CONSTRAINT `ChampionsLeague_club_Club_Captain_id_09347eaa_fk_Champions` FOREIGN KEY (`Club_Captain_id`) REFERENCES `championsleague_captain` (`id`),
  CONSTRAINT `ChampionsLeague_club_Club_Manager_id_bb5303b1_fk_Champions` FOREIGN KEY (`Club_Manager_id`) REFERENCES `championsleague_manager` (`id`),
  CONSTRAINT `ChampionsLeague_club_Club_Name_id_f53c95d7_fk_Champions` FOREIGN KEY (`Club_Name_id`) REFERENCES `championsleague_allteams` (`id`),
  CONSTRAINT `ChampionsLeague_club_Relation_id_3411093b_fk_Champions` FOREIGN KEY (`Relation_id`) REFERENCES `championsleague_group` (`id`),
  CONSTRAINT `ChampionsLeague_club_Stadium_id_dd29e81d_fk_Champions` FOREIGN KEY (`Stadium_id`) REFERENCES `championsleague_stadium` (`id`),
  CONSTRAINT `ChampionsLeague_club_Goals_8e9c9d0b_check` CHECK ((`Goals` >= 0))
) ENGINE=InnoDB AUTO_INCREMENT=40 DEFAULT CHARSET=utf8mb4 COLLATE=utf8mb4_0900_ai_ci;
/*!40101 SET character_set_client = @saved_cs_client */;

--
-- Dumping data for table `championsleague_club`
--

LOCK TABLES `championsleague_club` WRITE;
/*!40000 ALTER TABLE `championsleague_club` DISABLE KEYS */;
INSERT INTO `championsleague_club` VALUES (7,11,1,2,43,'images/bayern.png',69.82,1,1),(9,12,2,1,25,'images/paris.png',65.4,2,7),(10,13,3,3,21,'images/mancity.png',86.39,3,5),(11,14,4,5,18,'images/liverpool.png',91.34,4,6),(12,15,5,6,15,'images/barcelona.png',84.83,5,2),(13,16,6,8,12,'images/chelsea.png',76.46,6,14),(14,17,7,1,16,'images/realmadrid.png',73.09,7,3),(15,18,8,4,13,'images/atleticomadrid.png',64.99,8,11),(16,19,9,2,18,'images/tott.jpg',64.54,9,10),(17,20,10,6,10,'images/inter.png',61.17,10,12),(18,21,11,4,14,'images/juventus.png',54.92,11,4),(19,22,12,5,13,'images/napoli.png',49.17,12,9),(20,23,13,6,10,'images/dortmund.png',49.47,13,8),(21,24,14,7,16,'images/leipzig.png',40.88,14,18),(22,25,15,7,10,'images/benfica.png',31.91,15,20),(23,26,16,3,17,'images/atlanta.png',30.79,16,17),(24,27,17,7,14,'images/lyon.png',27.74,17,15),(25,28,18,4,5,'images/bayer.png',26.78,18,27),(26,29,19,8,13,'images/valencia.png',23.53,19,24),(27,30,20,8,12,'images/ajax.png',23.23,20,13),(28,31,21,8,4,'images/lille.png',19.25,21,30),(29,32,22,7,7,'images/zenit.png',12.94,22,26),(30,33,23,3,8,'images/shaktar.png',11.45,23,25),(31,34,24,5,16,'images/salzburg.png',11.64,24,23),(32,35,25,1,4,'images/brugge.png',10.64,25,29),(33,36,26,5,5,'images/genk.png',6.69,26,22),(34,37,27,2,8,'images/olypiyacos.png',7.06,27,16),(35,38,28,3,10,'images/dinamozagreb.png',6.69,28,19),(36,39,29,4,4,'images/moscow.png',6.54,29,28),(37,40,30,1,1,'images/galatasray.png',6.06,30,32),(38,41,31,2,3,'images/redstar.png',4.14,31,31),(39,42,32,6,4,'images/prague.png',3.13,32,21);
/*!40000 ALTER TABLE `championsleague_club` ENABLE KEYS */;
UNLOCK TABLES;

--
-- Table structure for table `championsleague_group`
--

DROP TABLE IF EXISTS `championsleague_group`;
/*!40101 SET @saved_cs_client     = @@character_set_client */;
/*!50503 SET character_set_client = utf8mb4 */;
CREATE TABLE `championsleague_group` (
  `id` int NOT NULL AUTO_INCREMENT,
  `Groups` varchar(100) NOT NULL,
  PRIMARY KEY (`id`)
) ENGINE=InnoDB AUTO_INCREMENT=9 DEFAULT CHARSET=utf8mb4 COLLATE=utf8mb4_0900_ai_ci;
/*!40101 SET character_set_client = @saved_cs_client */;

--
-- Dumping data for table `championsleague_group`
--

LOCK TABLES `championsleague_group` WRITE;
/*!40000 ALTER TABLE `championsleague_group` DISABLE KEYS */;
INSERT INTO `championsleague_group` VALUES (1,'Group A'),(2,'Group B'),(3,'Group C'),(4,'Group D'),(5,'Group E'),(6,'Group F'),(7,'Group G'),(8,'Group H');
/*!40000 ALTER TABLE `championsleague_group` ENABLE KEYS */;
UNLOCK TABLES;

--
-- Table structure for table `championsleague_manager`
--

DROP TABLE IF EXISTS `championsleague_manager`;
/*!40101 SET @saved_cs_client     = @@character_set_client */;
/*!50503 SET character_set_client = utf8mb4 */;
CREATE TABLE `championsleague_manager` (
  `id` int NOT NULL AUTO_INCREMENT,
  `Manager_name` varchar(100) NOT NULL,
  `Manager_team` varchar(100) NOT NULL,
  `Manager_age` int unsigned NOT NULL,
  `img` varchar(100) DEFAULT NULL,
  PRIMARY KEY (`id`),
  CONSTRAINT `championsleague_manager_chk_1` CHECK ((`Manager_age` >= 0))
) ENGINE=InnoDB AUTO_INCREMENT=43 DEFAULT CHARSET=utf8mb4 COLLATE=utf8mb4_0900_ai_ci;
/*!40101 SET character_set_client = @saved_cs_client */;

--
-- Dumping data for table `championsleague_manager`
--

LOCK TABLES `championsleague_manager` WRITE;
/*!40000 ALTER TABLE `championsleague_manager` DISABLE KEYS */;
INSERT INTO `championsleague_manager` VALUES (11,'Hans-Dieter Flick','Bayern Munich',55,'images/bayern.jpg'),(12,'Thomas Tuchel','Paris Saint-Germain',59,'images/paris.jpg'),(13,'Pep Guardiola','Manchester City',56,'images/guardiola.jpg'),(14,'Jürgen Klopp','Liverpool FC',52,'images/liverpool.jpg'),(15,'Ronald Koeman','FC Barcelona',58,'images/koeman.png'),(16,'Frank Lampard','Chelsea FC',56,'images/lampard.jpg'),(17,'Zinédine Zidane','Real Madrid',58,'images/zidane.jpg'),(18,'Diego Simeone','Atlético Madrid',56,'images/simeone.jpg'),(19,'José Mourinho','Tottenham Hotspur',60,'images/mourinho.jpg'),(20,'Antonio Conte','Inter Milan',53,'images/conte.jpg'),(21,'Andrea Pirlo','Juventus FC',60,'images/pirlo.jpg'),(22,'Gennaro Gattuso','SSC Napoli',54,'images/gattuso.jpg'),(23,'Lucien Favre','Borussia Dortmund',56,'images/favre.jpg'),(24,'Julian Nagelsmann','RB Leipzi',54,'images/nagelsmann.jpg'),(25,'Jorge Jesus','SL Benfica',58,'images/jorge.jpg'),(26,'Gian Piero Gasperini','Atalanta BC',48,'images/gasperini.jpg'),(27,'Rudi Garcia','Olympique Lyon',54,'images/rudigarcia.jpg'),(28,'Peter Bosz','Bayer 04 Leverkusen',45,'images/bosz.jpg'),(29,'Javi Gracia','Valencia CF',47,'images/javigarcia.jpg'),(30,'Erik ten Hag','Ajax Amsterdam',42,'images/tenhag.jpg'),(31,'Christophe Galtier','LOSC Lille',48,'images/galtier.jpg'),(32,'Sergey Semak','Zenit St. Petersburg',56,'images/semak.png'),(33,'Luís Castro','Shakhtar Donetsk',59,'images/castro.png'),(34,'Jesse Marsch','Red Bull Salzburg',47,'images/marsch.jpg'),(35,'Philippe Clement','Club Brugge KV',46,'images/clement.jpg'),(36,'Hannes Wolf','KRC Genk',52,'images/oliveri.jpg'),(37,'Pedro Martins','Olympiacos Piraeus',54,'images/martins.jpg'),(38,'Zoran Mamic','GNK Dinamo Zagreb',49,'images/mamic.jpg'),(39,'Marko Nikolic','Lokomotiv Moscow',58,'images/markonikolic.png'),(40,'Fatih Terim','Galatasaray SK',57,'images/terim.jpeg'),(41,'Dejan Stanković','Red Star Belgrade',57,'images/stankovic.jpg'),(42,'Jindrich Trpisovsky','SK Slavia Prague',54,'images/trpisovsky.jpg');
/*!40000 ALTER TABLE `championsleague_manager` ENABLE KEYS */;
UNLOCK TABLES;

--
-- Table structure for table `championsleague_player`
--

DROP TABLE IF EXISTS `championsleague_player`;
/*!40101 SET @saved_cs_client     = @@character_set_client */;
/*!50503 SET character_set_client = utf8mb4 */;
CREATE TABLE `championsleague_player` (
  `id` int NOT NULL AUTO_INCREMENT,
  `Name` varchar(100) DEFAULT NULL,
  `Age` int unsigned DEFAULT NULL,
  `Overall` int unsigned DEFAULT NULL,
  `Club_id` int DEFAULT NULL,
  `Goals` int unsigned DEFAULT NULL,
  `imgsrc` varchar(200) DEFAULT NULL,
  `Market_Value` double DEFAULT NULL,
  `is_Captain` tinyint(1) NOT NULL,
  PRIMARY KEY (`id`),
  KEY `ChampionsLeague_player_Team_id_e4373b52` (`Club_id`),
  CONSTRAINT `ChampionsLeague_play_Club_id_0dd28464_fk_Champions` FOREIGN KEY (`Club_id`) REFERENCES `championsleague_club` (`id`),
  CONSTRAINT `championsleague_player_chk_1` CHECK ((`Age` >= 0)),
  CONSTRAINT `championsleague_player_chk_2` CHECK ((`Overall` >= 0)),
  CONSTRAINT `championsleague_player_chk_3` CHECK ((`Goals` >= 0))
) ENGINE=InnoDB AUTO_INCREMENT=888 DEFAULT CHARSET=utf8mb4 COLLATE=utf8mb4_0900_ai_ci;
/*!40101 SET character_set_client = @saved_cs_client */;

--
-- Dumping data for table `championsleague_player`
--

LOCK TABLES `championsleague_player` WRITE;
/*!40000 ALTER TABLE `championsleague_player` DISABLE KEYS */;
INSERT INTO `championsleague_player` VALUES (775,'Robert Lewandowski',32,98,7,15,'//as01.epimg.net/img/comunes/fotos/fichas/deportistas/l/lew/large/19319.png',5,0),(776,'Erling Braut Haaland',20,95,20,10,'//as01.epimg.net/img/comunes/fotos/fichas/deportistas/e/erl/large/46369.png',6.67,1),(777,'Serge Gnabry',25,90,7,9,'//as01.epimg.net/img/comunes/fotos/fichas/deportistas/s/ser/large/20737.png',7.5,0),(778,'Rahim Sterling',25,92,10,6,'//as01.epimg.net/img/comunes/fotos/fichas/deportistas/s/ste/large/21357.png',10.66,0),(779,'Harry Kane',27,91,16,6,'//as01.epimg.net/img/comunes/fotos/fichas/deportistas/k/kan/large/20771.png',10,1),(780,'Dries Mertens',33,92,19,6,'//as01.epimg.net/img/comunes/fotos/fichas/deportistas/m/mer/large/19804.png',1.5,1),(781,'Gabriel Jesus',23,90,10,6,'//as01.epimg.net/img/comunes/fotos/fichas/deportistas/g/gab/large/37013.png',4.67,0),(782,'Josip Ilicic',32,87,23,5,'//as01.epimg.net/img/comunes/fotos/fichas/deportistas/j/jos/large/20952.png',1.46,1),(783,'Kylian Mbappe',21,95,9,5,'//as01.epimg.net/img/comunes/fotos/fichas/deportistas/k/kyl/large/33539.png',15,0),(784,'Icardi',27,93,9,5,'//as01.epimg.net/img/comunes/fotos/fichas/deportistas/i/ica/large/20961.png',5,0),(785,'Karim Benzema',32,90,14,5,'//as01.epimg.net/img/comunes/fotos/fichas/deportistas/b/ben/large/15784.png',2.67,0),(786,'Luis Suárez',33,96,12,5,'//as01.epimg.net/img/comunes/fotos/fichas/deportistas/l/lui/large/18478.png',2.33,0),(787,'Heung-Min Son',28,90,16,5,'//as01.epimg.net/img/comunes/fotos/fichas/deportistas/s/son/large/20434.png',5.33,0),(788,'Lautaro Martínez',23,89,17,5,'//as01.epimg.net/img/comunes/fotos/fichas/deportistas/l/lau/large/34156.png',5.83,0),(789,'Rodrygo',19,86,14,4,'//as01.epimg.net/img/comunes/fotos/fichas/deportistas/r/rod/large/40471.png',3.75,0),(790,'Mislav Orsic',27,84,35,4,'//as01.epimg.net/img/comunes/fotos/fichas/deportistas/silueta-generica-large.png',0.624,1),(791,'Mohamed Salah',28,91,11,4,'//as01.epimg.net/img/comunes/fotos/fichas/deportistas/s/sal/large/21766.png',10,0),(792,'Emil Forsberg',28,87,21,4,'//as01.epimg.net/img/comunes/fotos/fichas/deportistas/f/for/large/26182.png',1.5,1),(793,'Cristiano Ronaldo',35,96,18,4,'//as01.epimg.net/img/comunes/fotos/fichas/deportistas/c/cri/large/14558.png',5,0),(794,'M. Sabitzer',26,84,21,4,'//as01.epimg.net/img/comunes/fotos/fichas/deportistas/m/m_s/large/23713.png',2.92,0),(795,'Timo Werner',24,89,13,4,'//as01.epimg.net/img/comunes/fotos/fichas/deportistas/t/tim/large/22911.png',5.33,1),(796,'Achraf Hakimi',21,88,17,4,'//as01.epimg.net/img/comunes/fotos/fichas/deportistas/a/ach/large/35147.png',4.5,0),(797,'Quincy Promes',28,89,27,4,'//as01.epimg.net/img/comunes/fotos/fichas/deportistas/q/qui/large/24989.png',1.7,1),(798,'Pasalic',25,83,23,3,'//as01.epimg.net/img/comunes/fotos/fichas/deportistas/p/pas/large/25027.png',2.08,0),(799,'Tammy Abraham',22,82,13,3,'//as01.epimg.net/img/comunes/fotos/fichas/deportistas/t/tam/large/34877.png',3.33,0),(800,'Arkadiusz Milik',32,89,19,3,'//as01.epimg.net/img/comunes/fotos/fichas/deportistas/a/ark/large/20418.png',2.67,0),(801,'Neymar Jr.',28,97,9,3,'//as01.epimg.net/img/comunes/fotos/fichas/deportistas/n/ney/large/19355.png',10.66,1),(802,'Arkadiusz Milik',26,91,19,3,'//as01.epimg.net/img/comunes/fotos/fichas/deportistas/a/ark/large/20418.png',2.67,0),(803,'Paulo Dybala',26,95,18,3,'//as01.epimg.net/img/comunes/fotos/fichas/deportistas/p/pau/large/20958.png',6.67,0),(804,'Dani Olmo',22,85,21,3,'//as01.epimg.net/img/comunes/fotos/fichas/deportistas/silueta-generica-large.png',2.62,0),(805,'Oxlade-Chamberlain',27,87,11,3,'//as01.epimg.net/img/comunes/fotos/fichas/deportistas/o/oxl/large/19560.png',2.33,0),(806,'Tolisso',26,89,7,3,'//as01.epimg.net/img/comunes/fotos/fichas/deportistas/t/tol/large/22940.png',2.12,0),(807,'Perisic',31,91,7,3,'//as01.epimg.net/img/comunes/fotos/fichas/deportistas/p/per/large/22661.png',1.25,0),(808,'João Félix',20,89,15,3,'//as01.epimg.net/img/comunes/fotos/fichas/deportistas/j/joa/large/44227.png',6.75,0),(809,'Hwang Hee-Chan',24,84,21,3,'//as01.epimg.net/img/comunes/fotos/fichas/deportistas/silueta-generica-large.png',1.25,0),(810,'Pizzi',30,83,22,3,'//as01.epimg.net/img/comunes/fotos/fichas/deportistas/p/piz/large/19387.png',1.83,1),(811,'Coutinho',28,88,7,3,'//as01.epimg.net/img/comunes/fotos/fichas/deportistas/c/cou/large/19546.png',4.67,0),(812,'Kingsley Coman',24,89,7,3,'//as01.epimg.net/img/comunes/fotos/fichas/deportistas/k/kin/large/20182.png',3.33,0),(813,'Lionel Messi',33,99,12,3,'//as01.epimg.net/img/comunes/fotos/fichas/deportistas/m/mes/large/15167.png',9.33,1),(814,'Álvaro Morata',27,91,15,3,'//as01.epimg.net/img/comunes/fotos/fichas/deportistas/m/mor/large/22240.png',3,1),(815,'Mbwana Aly Samatta',27,80,33,3,'//as01.epimg.net/img/comunes/fotos/fichas/deportistas/silueta-generica-large.png',0.791,1),(816,'El-Arabi',33,84,34,3,'//as01.epimg.net/img/comunes/fotos/fichas/deportistas/e/el_/100/20283.jpg',0.249,0),(817,'Rúben Afonso Borges Semedo',26,88,34,2,'//as01.epimg.net/img/comunes/fotos/fichas/deportistas/s/sem/large/32696.png',0.583,1),(818,'Tomas Soucek',25,78,39,2,'//as01.epimg.net/img/comunes/fotos/fichas/deportistas/t/tom/large/39609.png',1.5,1),(819,'Higuaín',32,86,18,2,'//as01.epimg.net/img/comunes/fotos/fichas/deportistas/h/hig/large/16907.png',1.25,0),(820,'Joshua Kimmich',25,92,7,2,'//as01.epimg.net/img/comunes/fotos/fichas/deportistas/j/jos/large/31252.png',6.25,0),(821,'Takumi Minamino',25,87,11,2,'//as01.epimg.net/img/comunes/fotos/fichas/deportistas/m/min/large/36039.png',0.833,0),(822,'Sergio Ramos',34,97,14,2,'//as01.epimg.net/img/comunes/fotos/fichas/deportistas/s/ser/large/14962.png',1.21,1),(823,'Memphis Depay',26,89,24,6,'//as01.epimg.net/img/comunes/fotos/fichas/deportistas/d/dep/large/21564.png',3.67,1),(824,'Thomas Müller',30,93,7,4,'//as01.epimg.net/img/comunes/fotos/fichas/deportistas/m/mul/large/18302.png',2.5,0),(875,'Manuel Neuer',34,97,7,0,'//as01.epimg.net/img/comunes/fotos/fichas/deportistas/s/ser/large/14962.png',1.21,1),(876,'David Silva',31,87,10,0,'//as01.epimg.net/img/comunes/fotos/fichas/deportistas/c/cri/large/14558.png',5,1),(877,'Andreas Ulmer',28,83,31,0,'//as01.epimg.net/img/comunes/fotos/fichas/deportistas/s/son/large/20434.png',1.5,1),(878,'Girgio Chiellini',33,88,18,0,'//as01.epimg.net/img/comunes/fotos/fichas/deportistas/silueta-generica-large.png',5.4,1),(879,'Dani Parejo',34,85,26,0,'//as01.epimg.net/img/comunes/fotos/fichas/deportistas/l/lew/large/19319.png',3.2,1),(880,'Taison',31,82,30,0,'//as01.epimg.net/img/comunes/fotos/fichas/deportistas/silueta-generica-large.png',1.5,1),(881,'Hulk',35,88,29,0,'//as01.epimg.net/img/comunes/fotos/fichas/deportistas/s/sal/large/21766.png',2.67,1),(882,'Lars Bender',28,87,25,0,'//as01.epimg.net/img/comunes/fotos/fichas/deportistas/e/erl/large/46369.png',3.65,1),(883,'Guilherme',27,81,36,0,'//as01.epimg.net/img/comunes/fotos/fichas/deportistas/silueta-generica-large.png',1.5,1),(884,'Ruud Vormer',30,82,32,0,'//as01.epimg.net/img/comunes/fotos/fichas/deportistas/s/sal/large/21766.png',2.08,1),(885,'José Fonte',28,83,28,0,'//as01.epimg.net/img/comunes/fotos/fichas/deportistas/r/rod/large/40471.png',2.12,1),(886,'Stevan Stojanovic',29,84,38,0,'//as01.epimg.net/img/comunes/fotos/fichas/deportistas/l/lau/large/34156.png',1.25,1),(887,'Fernando Muslera',29,85,37,0,'//as01.epimg.net/img/comunes/fotos/fichas/deportistas/r/rod/large/40471.png',3.33,1);
/*!40000 ALTER TABLE `championsleague_player` ENABLE KEYS */;
UNLOCK TABLES;

--
-- Table structure for table `championsleague_stadium`
--

DROP TABLE IF EXISTS `championsleague_stadium`;
/*!40101 SET @saved_cs_client     = @@character_set_client */;
/*!50503 SET character_set_client = utf8mb4 */;
CREATE TABLE `championsleague_stadium` (
  `id` int NOT NULL AUTO_INCREMENT,
  `Stadium` varchar(100) NOT NULL,
  PRIMARY KEY (`id`)
) ENGINE=InnoDB AUTO_INCREMENT=33 DEFAULT CHARSET=utf8mb4 COLLATE=utf8mb4_0900_ai_ci;
/*!40101 SET character_set_client = @saved_cs_client */;

--
-- Dumping data for table `championsleague_stadium`
--

LOCK TABLES `championsleague_stadium` WRITE;
/*!40000 ALTER TABLE `championsleague_stadium` DISABLE KEYS */;
INSERT INTO `championsleague_stadium` VALUES (1,'Allianz Arena'),(2,'Le Parc des Princes'),(3,'Etihad Stadium'),(4,'Anfiled'),(5,'Camp Nou'),(6,'Stamford Bridge'),(7,'Santiago Bernabéu'),(8,'Wanda Metropolitano'),(9,'Tottenham Hotspur Stadium'),(10,'San Siro'),(11,'Allianz Stadium'),(12,'San Paolo'),(13,'Signal Iduna Park'),(14,'Red Bull Arena'),(15,'Estádio Sport Lisboa e Benfica'),(16,'Gewiss Stadium'),(17,'Groupama Stadium'),(18,'BayArena'),(19,'Mestalla Stadium'),(20,'Johan Cruijff ArenA'),(21,'Stade Pierre Mauroy'),(22,'Gazprom Arena'),(23,'Metalist'),(24,'Red Bull Arena'),(25,'Jan Breydel Stadium'),(26,'Cristal Arena'),(27,'Karaiskaki Stadium'),(28,'Stadion Maksimir'),(29,'Lokomotiv Stadium'),(30,'Türk Telekom Stadium'),(31,'Rajko Mitic Stadium'),(32,'Sinobo Stadium');
/*!40000 ALTER TABLE `championsleague_stadium` ENABLE KEYS */;
UNLOCK TABLES;

--
-- Table structure for table `championsleague_teamgroups`
--

DROP TABLE IF EXISTS `championsleague_teamgroups`;
/*!40101 SET @saved_cs_client     = @@character_set_client */;
/*!50503 SET character_set_client = utf8mb4 */;
CREATE TABLE `championsleague_teamgroups` (
  `id` int NOT NULL AUTO_INCREMENT,
  `Team1` varchar(100) NOT NULL,
  `Team2` varchar(100) NOT NULL,
  `Team3` varchar(100) NOT NULL,
  `Team4` varchar(100) NOT NULL,
  `TeamGroup_id` int NOT NULL,
  PRIMARY KEY (`id`),
  KEY `ChampionsLeague_team_TeamGroup_id_a1d3dfd5_fk_Champions` (`TeamGroup_id`),
  CONSTRAINT `ChampionsLeague_team_TeamGroup_id_a1d3dfd5_fk_Champions` FOREIGN KEY (`TeamGroup_id`) REFERENCES `championsleague_group` (`id`)
) ENGINE=InnoDB AUTO_INCREMENT=9 DEFAULT CHARSET=utf8mb4 COLLATE=utf8mb4_0900_ai_ci;
/*!40101 SET character_set_client = @saved_cs_client */;

--
-- Dumping data for table `championsleague_teamgroups`
--

LOCK TABLES `championsleague_teamgroups` WRITE;
/*!40000 ALTER TABLE `championsleague_teamgroups` DISABLE KEYS */;
INSERT INTO `championsleague_teamgroups` VALUES (1,'Club Brugge','Galatasaray İstanbul AŞ','Paris Saint-Germain','Real Madrid',1),(2,'Olympiacos Piraeus FC','Tottenham Hotspur','FC  Bayern München','Red Star Belgrade',2),(3,'FC Shakhtar Donetsk','Manchester City FC','GNK Dinamo Zagreb','Atalanta BC',3),(4,'Bayer 04 Leverkusen','Lokomotiv Moskva','Atlético Madrid','Juventus',4),(5,'SSC Napoli','Liverpool FC','FC RB Salzburg','KRC Genk',5),(6,'FC Internazionale Milano','SK Slavia Praha','Borussia Dortmund','FC Barcelona',6),(7,'Olympique Lyonnais','Zenit St. Petersburg','SL Benfica','RB Leipzig',7),(8,'Chelsea FC','Valencia CF','Ajax Amsterdam','Lille OSC',8);
/*!40000 ALTER TABLE `championsleague_teamgroups` ENABLE KEYS */;
UNLOCK TABLES;

--
-- Table structure for table `django_admin_log`
--

DROP TABLE IF EXISTS `django_admin_log`;
/*!40101 SET @saved_cs_client     = @@character_set_client */;
/*!50503 SET character_set_client = utf8mb4 */;
CREATE TABLE `django_admin_log` (
  `id` int NOT NULL AUTO_INCREMENT,
  `action_time` datetime(6) NOT NULL,
  `object_id` longtext,
  `object_repr` varchar(200) NOT NULL,
  `action_flag` smallint unsigned NOT NULL,
  `change_message` longtext NOT NULL,
  `content_type_id` int DEFAULT NULL,
  `user_id` int NOT NULL,
  PRIMARY KEY (`id`),
  KEY `django_admin_log_content_type_id_c4bce8eb_fk_django_co` (`content_type_id`),
  KEY `django_admin_log_user_id_c564eba6_fk_auth_user_id` (`user_id`),
  CONSTRAINT `django_admin_log_content_type_id_c4bce8eb_fk_django_co` FOREIGN KEY (`content_type_id`) REFERENCES `django_content_type` (`id`),
  CONSTRAINT `django_admin_log_user_id_c564eba6_fk_auth_user_id` FOREIGN KEY (`user_id`) REFERENCES `auth_user` (`id`),
  CONSTRAINT `django_admin_log_chk_1` CHECK ((`action_flag` >= 0))
) ENGINE=InnoDB AUTO_INCREMENT=1526 DEFAULT CHARSET=utf8mb4 COLLATE=utf8mb4_0900_ai_ci;
/*!40101 SET character_set_client = @saved_cs_client */;

--
-- Dumping data for table `django_admin_log`
--

LOCK TABLES `django_admin_log` WRITE;
/*!40000 ALTER TABLE `django_admin_log` DISABLE KEYS */;
INSERT INTO `django_admin_log` VALUES (1,'2020-09-08 16:41:57.516709','1','Group A',1,'[{\"added\": {}}]',8,1),(2,'2020-09-08 16:42:02.861369','2','Group B',1,'[{\"added\": {}}]',8,1),(3,'2020-09-08 16:42:06.088692','3','Group C',1,'[{\"added\": {}}]',8,1),(4,'2020-09-08 16:42:08.897677','4','Group D',1,'[{\"added\": {}}]',8,1),(5,'2020-09-08 16:42:11.791725','5','Group E',1,'[{\"added\": {}}]',8,1),(6,'2020-09-08 16:42:17.937193','6','Group F',1,'[{\"added\": {}}]',8,1),(7,'2020-09-08 16:42:21.377317','7','Group G',1,'[{\"added\": {}}]',8,1),(8,'2020-09-08 16:42:26.095207','8','Group H',1,'[{\"added\": {}}]',8,1),(9,'2020-09-08 17:53:36.748889','1','Hans-Dieter Flick',1,'[{\"added\": {}}]',9,1),(10,'2020-09-08 17:55:27.736848','1','Hans-Dieter Flick',3,'',9,1),(11,'2020-09-08 17:56:55.454094','2','Hans-Dieter Flick',1,'[{\"added\": {}}]',9,1),(12,'2020-09-08 17:59:07.302130','2','Hans-Dieter Flick',2,'[]',9,1),(13,'2020-09-08 18:02:12.866153','3','Thomas Tuchel',1,'[{\"added\": {}}]',9,1),(14,'2020-09-08 18:02:24.527317','4','Pep Guardiola',1,'[{\"added\": {}}]',9,1),(15,'2020-09-08 18:02:35.235190','5','Jürgen Klopp',1,'[{\"added\": {}}]',9,1),(16,'2020-09-08 18:02:52.509116','6','Ronald Koeman',1,'[{\"added\": {}}]',9,1),(17,'2020-09-08 18:03:03.240000','7','Frank Lampard',1,'[{\"added\": {}}]',9,1),(18,'2020-09-08 18:03:13.719035','8','Zinédine Zidane',1,'[{\"added\": {}}]',9,1),(19,'2020-09-08 18:03:26.513240','9','Diego Simeone',1,'[{\"added\": {}}]',9,1),(20,'2020-09-08 18:03:40.192395','10','José Mourinho',1,'[{\"added\": {}}]',9,1),(21,'2020-09-08 18:07:05.170615','10','José Mourinho',3,'',9,1),(22,'2020-09-08 18:07:05.182453','9','Diego Simeone',3,'',9,1),(23,'2020-09-08 18:07:05.194459','8','Zinédine Zidane',3,'',9,1),(24,'2020-09-08 18:07:05.202476','7','Frank Lampard',3,'',9,1),(25,'2020-09-08 18:07:05.210462','6','Ronald Koeman',3,'',9,1),(26,'2020-09-08 18:07:05.218462','5','Jürgen Klopp',3,'',9,1),(27,'2020-09-08 18:07:05.226465','4','Pep Guardiola',3,'',9,1),(28,'2020-09-08 18:07:05.234465','3','Thomas Tuchel',3,'',9,1),(29,'2020-09-08 18:07:05.246471','2','Hans-Dieter Flick',3,'',9,1),(30,'2020-09-08 18:07:37.188210','11','Hans-Dieter Flick',1,'[{\"added\": {}}]',9,1),(31,'2020-09-08 18:08:15.325791','1','AllTeams object (1)',1,'[{\"added\": {}}]',12,1),(32,'2020-09-08 18:08:19.188963','2','AllTeams object (2)',1,'[{\"added\": {}}]',12,1),(33,'2020-09-08 18:08:28.795822','3','AllTeams object (3)',1,'[{\"added\": {}}]',12,1),(34,'2020-09-08 18:09:03.842803','4','Liverpool FC',1,'[{\"added\": {}}]',12,1),(35,'2020-09-08 18:09:15.577446','5','FC Barcelona',1,'[{\"added\": {}}]',12,1),(36,'2020-09-08 18:09:19.241929','6','Chelsea FC',1,'[{\"added\": {}}]',12,1),(37,'2020-09-08 18:09:22.609913','7','Real Madrid',1,'[{\"added\": {}}]',12,1),(38,'2020-09-08 18:09:26.279018','8','Atlético Madrid',1,'[{\"added\": {}}]',12,1),(39,'2020-09-08 18:09:30.572172','9','Tottenham Hotspur',1,'[{\"added\": {}}]',12,1),(40,'2020-09-08 18:09:36.839718','10','Inter Milan',1,'[{\"added\": {}}]',12,1),(41,'2020-09-08 18:09:41.376291','11','Juventus FC',1,'[{\"added\": {}}]',12,1),(42,'2020-09-08 18:09:46.195813','12','SSC Napoli',1,'[{\"added\": {}}]',12,1),(43,'2020-09-08 18:09:51.215208','13','Borussia Dortmund',1,'[{\"added\": {}}]',12,1),(44,'2020-09-08 18:09:57.015914','14','RB Leipzi',1,'[{\"added\": {}}]',12,1),(45,'2020-09-08 18:10:02.929257','15','SL Benfica',1,'[{\"added\": {}}]',12,1),(46,'2020-09-08 18:10:14.495297','16','Atalanta BC',1,'[{\"added\": {}}]',12,1),(47,'2020-09-08 18:10:24.275152','17','Olympique Lyon',1,'[{\"added\": {}}]',12,1),(48,'2020-09-08 18:10:32.178673','18','Bayer 04 Leverkusen',1,'[{\"added\": {}}]',12,1),(49,'2020-09-08 18:10:39.005376','19','Valencia CF',1,'[{\"added\": {}}]',12,1),(50,'2020-09-08 18:10:45.708807','20','Ajax Amsterdam',1,'[{\"added\": {}}]',12,1),(51,'2020-09-08 18:10:51.106511','21','LOSC Lille',1,'[{\"added\": {}}]',12,1),(52,'2020-09-08 18:10:57.502550','22','Zenit St. Petersburg',1,'[{\"added\": {}}]',12,1),(53,'2020-09-08 18:11:05.170291','23','Shakhtar Donetsk',1,'[{\"added\": {}}]',12,1),(54,'2020-09-08 18:11:11.504486','24','Red Bull Salzburg',1,'[{\"added\": {}}]',12,1),(55,'2020-09-08 18:11:16.735205','25','Club Brugge KV',1,'[{\"added\": {}}]',12,1),(56,'2020-09-08 18:11:20.985582','26','KRC Genk',1,'[{\"added\": {}}]',12,1),(57,'2020-09-08 18:11:27.290863','27','Olympiacos Piraeus',1,'[{\"added\": {}}]',12,1),(58,'2020-09-08 18:11:33.034948','28','GNK Dinamo Zagreb',1,'[{\"added\": {}}]',12,1),(59,'2020-09-08 18:11:38.007871','29','Lokomotiv Moscow',1,'[{\"added\": {}}]',12,1),(60,'2020-09-08 18:11:44.414342','30','Galatasaray SK',1,'[{\"added\": {}}]',12,1),(61,'2020-09-08 18:11:50.692146','31','Red Star Belgrade',1,'[{\"added\": {}}]',12,1),(62,'2020-09-08 18:11:56.161029','32','SK Slavia Prague',1,'[{\"added\": {}}]',12,1),(63,'2020-09-08 18:15:27.158804','7','Club object (7)',1,'[{\"added\": {}}]',7,1),(64,'2020-09-08 18:16:01.006574','12','Thomas Tuchel',1,'[{\"added\": {}}]',9,1),(65,'2020-09-08 18:16:53.468984','9','Paris Saint-Germain',1,'[{\"added\": {}}]',7,1),(66,'2020-09-08 18:17:42.592838','13','Pep Guardiola',1,'[{\"added\": {}}]',9,1),(67,'2020-09-08 18:17:53.099033','14','Jürgen Klopp',1,'[{\"added\": {}}]',9,1),(68,'2020-09-08 18:18:02.257053','15','Ronald Koeman',1,'[{\"added\": {}}]',9,1),(69,'2020-09-08 18:18:15.925011','16','Frank Lampard',1,'[{\"added\": {}}]',9,1),(70,'2020-09-08 18:18:25.253100','17','Zinédine Zidane',1,'[{\"added\": {}}]',9,1),(71,'2020-09-08 18:18:37.950098','18','Diego Simeone',1,'[{\"added\": {}}]',9,1),(72,'2020-09-08 18:18:58.297465','19','José Mourinho',1,'[{\"added\": {}}]',9,1),(73,'2020-09-08 18:19:15.887442','20','Antonio Conte',1,'[{\"added\": {}}]',9,1),(74,'2020-09-08 18:19:40.891293','21','Andrea Pirlo',1,'[{\"added\": {}}]',9,1),(75,'2020-09-08 18:20:05.425224','22','Gennaro Gattuso',1,'[{\"added\": {}}]',9,1),(76,'2020-09-08 18:20:35.125911','10','Manchester City',1,'[{\"added\": {}}]',7,1),(77,'2020-09-08 18:20:56.886283','11','Liverpool FC',1,'[{\"added\": {}}]',7,1),(78,'2020-09-08 18:21:54.119856','12','FC Barcelona',1,'[{\"added\": {}}]',7,1),(79,'2020-09-08 18:22:20.175620','13','Chelsea FC',1,'[{\"added\": {}}]',7,1),(80,'2020-09-08 18:22:30.919717','7','Bayern Munich',2,'[{\"changed\": {\"fields\": [\"Relation\"]}}]',7,1),(81,'2020-09-08 18:22:56.840981','14','Real Madrid',1,'[{\"added\": {}}]',7,1),(82,'2020-09-08 18:23:37.025136','1','Player object (1)',1,'[{\"added\": {}}]',11,1),(83,'2020-09-08 18:24:04.462006','1','Player object (1)',3,'',11,1),(84,'2020-09-08 18:24:52.540979','2','Player object (2)',1,'[{\"added\": {}}]',11,1),(85,'2020-09-08 18:25:19.562121','3','Player object (3)',1,'[{\"added\": {}}]',11,1),(86,'2020-09-08 18:25:52.206038','3','Player object (3)',3,'',11,1),(87,'2020-09-08 18:25:52.218039','2','Player object (2)',3,'',11,1),(88,'2020-09-08 18:26:14.621174','4','Player object (4)',1,'[{\"added\": {}}]',11,1),(89,'2020-09-08 18:26:33.122032','5','Player object (5)',1,'[{\"added\": {}}]',11,1),(90,'2020-09-09 16:10:40.334616','15','Atlético Madrid',1,'[{\"added\": {}}]',7,1),(91,'2020-09-09 16:12:26.059348','16','Tottenham Hotspur',1,'[{\"added\": {}}]',7,1),(92,'2020-09-09 16:13:15.172812','17','Inter Milan',1,'[{\"added\": {}}]',7,1),(93,'2020-09-09 16:14:10.058354','18','Juventus FC',1,'[{\"added\": {}}]',7,1),(94,'2020-09-09 16:14:36.554710','19','SSC Napoli',1,'[{\"added\": {}}]',7,1),(95,'2020-09-09 16:15:28.681979','23','Lucien Favre',1,'[{\"added\": {}}]',9,1),(96,'2020-09-09 16:15:47.453105','24','Julian Nagelsmann',1,'[{\"added\": {}}]',9,1),(97,'2020-09-09 16:16:17.793826','25','Jorge Jesus',1,'[{\"added\": {}}]',9,1),(98,'2020-09-09 16:17:11.328701','26','Gian Piero Gasperini',1,'[{\"added\": {}}]',9,1),(99,'2020-09-09 16:17:28.143349','27','Rudi Garcia',1,'[{\"added\": {}}]',9,1),(100,'2020-09-09 16:17:38.253896','28','Peter Bosz',1,'[{\"added\": {}}]',9,1),(101,'2020-09-09 16:17:46.608205','29','Javi Gracia',1,'[{\"added\": {}}]',9,1),(102,'2020-09-09 16:18:02.217214','30','Erik ten Hag',1,'[{\"added\": {}}]',9,1),(103,'2020-09-09 16:18:13.152295','31','Christophe Galtier',1,'[{\"added\": {}}]',9,1),(104,'2020-09-09 16:18:26.393293','32','Sergey Semak',1,'[{\"added\": {}}]',9,1),(105,'2020-09-09 16:18:46.544105','33','Sergey Semak',1,'[{\"added\": {}}]',9,1),(106,'2020-09-09 16:19:03.560502','33','Luís Castro',2,'[{\"changed\": {\"fields\": [\"Manager name\", \"Manager team\"]}}]',9,1),(107,'2020-09-09 16:19:13.624248','34','Jesse Marsch',1,'[{\"added\": {}}]',9,1),(108,'2020-09-09 16:19:46.089807','35','Philippe Clement',1,'[{\"added\": {}}]',9,1),(109,'2020-09-09 16:19:59.814082','35','Philippe Clement',2,'[{\"changed\": {\"fields\": [\"Manager team\"]}}]',9,1),(110,'2020-09-09 16:20:16.283660','36','Hannes Wolf',1,'[{\"added\": {}}]',9,1),(111,'2020-09-09 16:20:27.117391','37','Pedro Martins',1,'[{\"added\": {}}]',9,1),(112,'2020-09-09 16:20:40.913725','38','Zoran Mamic',1,'[{\"added\": {}}]',9,1),(113,'2020-09-09 16:20:57.269997','39','Marko Nikolic',1,'[{\"added\": {}}]',9,1),(114,'2020-09-09 16:21:06.250614','40','Fatih Terim',1,'[{\"added\": {}}]',9,1),(115,'2020-09-09 16:21:16.024366','41','Dejan Stanković',1,'[{\"added\": {}}]',9,1),(116,'2020-09-09 16:21:25.053624','42','Jindrich Trpisovsky',1,'[{\"added\": {}}]',9,1),(117,'2020-09-09 16:36:43.928777','20','Borussia Dortmund',1,'[{\"added\": {}}]',7,1),(118,'2020-09-09 16:38:37.381627','21','RB Leipzi',1,'[{\"added\": {}}]',7,1),(119,'2020-09-09 16:40:57.656457','22','SL Benfica',1,'[{\"added\": {}}]',7,1),(120,'2020-09-09 16:41:49.336103','23','Atalanta BC',1,'[{\"added\": {}}]',7,1),(121,'2020-09-09 16:42:56.661772','24','Olympique Lyon',1,'[{\"added\": {}}]',7,1),(122,'2020-09-09 16:43:36.022524','25','Bayer 04 Leverkusen',1,'[{\"added\": {}}]',7,1),(123,'2020-09-09 16:44:59.175215','26','Valencia CF',1,'[{\"added\": {}}]',7,1),(124,'2020-09-09 16:45:37.566689','27','Ajax Amsterdam',1,'[{\"added\": {}}]',7,1),(125,'2020-09-09 16:46:19.750893','28','LOSC Lille',1,'[{\"added\": {}}]',7,1),(126,'2020-09-09 16:46:42.923892','29','Zenit St. Petersburg',1,'[{\"added\": {}}]',7,1),(127,'2020-09-09 16:47:15.084369','30','Shakhtar Donetsk',1,'[{\"added\": {}}]',7,1),(128,'2020-09-09 16:47:59.486615','31','Red Bull Salzburg',1,'[{\"added\": {}}]',7,1),(129,'2020-09-09 16:48:22.596102','32','Club Brugge KV',1,'[{\"added\": {}}]',7,1),(130,'2020-09-09 16:48:59.991778','33','KRC Genk',1,'[{\"added\": {}}]',7,1),(131,'2020-09-09 16:50:17.680223','34','Olympiacos Piraeus',1,'[{\"added\": {}}]',7,1),(132,'2020-09-09 16:50:54.117781','35','GNK Dinamo Zagreb',1,'[{\"added\": {}}]',7,1),(133,'2020-09-09 16:52:12.281958','36','Lokomotiv Moscow',1,'[{\"added\": {}}]',7,1),(134,'2020-09-09 16:52:36.477493','37','Galatasaray SK',1,'[{\"added\": {}}]',7,1),(135,'2020-09-09 16:53:52.896183','38','Red Star Belgrade',1,'[{\"added\": {}}]',7,1),(136,'2020-09-09 16:54:22.295297','39','SK Slavia Prague',1,'[{\"added\": {}}]',7,1),(137,'2020-09-09 16:56:20.060972','34','Olympiacos Piraeus',2,'[{\"changed\": {\"fields\": [\"Relation\"]}}]',7,1),(138,'2020-09-09 16:56:27.437316','24','Olympique Lyon',2,'[{\"changed\": {\"fields\": [\"Goals\"]}}]',7,1),(139,'2020-09-09 16:57:11.080422','1','Group A',1,'[{\"added\": {}}]',10,1),(140,'2020-09-09 16:57:23.595436','2','Group B',1,'[{\"added\": {}}]',10,1),(141,'2020-09-09 16:57:33.021496','3','Group C',1,'[{\"added\": {}}]',10,1),(142,'2020-09-09 16:57:47.951557','4','Group D',1,'[{\"added\": {}}]',10,1),(143,'2020-09-09 16:58:12.468599','5','Group E',1,'[{\"added\": {}}]',10,1),(144,'2020-09-09 16:58:23.320920','6','Group F',1,'[{\"added\": {}}]',10,1),(145,'2020-09-09 16:59:17.924610','7','Group G',1,'[{\"added\": {}}]',10,1),(146,'2020-09-09 16:59:40.761677','8','Group H',1,'[{\"added\": {}}]',10,1),(147,'2020-09-09 17:04:41.356370','7','Bayern Munich',2,'[{\"changed\": {\"fields\": [\"Goals\"]}}]',7,1),(148,'2020-09-09 17:04:55.926044','9','Paris Saint-Germain',2,'[{\"changed\": {\"fields\": [\"Goals\"]}}]',7,1),(149,'2020-09-09 17:05:05.537109','10','Manchester City',2,'[{\"changed\": {\"fields\": [\"Goals\"]}}]',7,1),(150,'2020-09-09 17:05:12.047157','11','Liverpool FC',2,'[{\"changed\": {\"fields\": [\"Goals\"]}}]',7,1),(151,'2020-09-09 17:05:17.227172','12','FC Barcelona',2,'[{\"changed\": {\"fields\": [\"Goals\"]}}]',7,1),(152,'2020-09-09 17:05:41.638169','12','FC Barcelona',2,'[{\"changed\": {\"fields\": [\"Goals\"]}}]',7,1),(153,'2020-09-09 17:06:18.581700','14','Real Madrid',2,'[{\"changed\": {\"fields\": [\"Goals\"]}}]',7,1),(154,'2020-09-09 17:06:29.541201','13','Chelsea FC',2,'[{\"changed\": {\"fields\": [\"Goals\"]}}]',7,1),(155,'2020-09-10 09:32:08.776789','33','KRC Genk',2,'[{\"changed\": {\"fields\": [\"Goals\"]}}]',7,1),(156,'2020-09-10 09:32:16.126157','33','KRC Genk',2,'[{\"changed\": {\"fields\": [\"Goals\"]}}]',7,1),(157,'2020-09-10 10:13:52.656103','5','Player object (5)',3,'',11,1),(158,'2020-09-10 10:13:52.667261','4','Player object (4)',3,'',11,1),(159,'2020-09-10 10:17:04.168923','6','Player object (6)',1,'[{\"added\": {}}]',11,1),(160,'2020-09-10 10:43:17.809338','6','Player object (6)',3,'',11,1),(161,'2020-09-10 10:49:21.469991','7','Player object (7)',3,'',11,1),(162,'2020-09-10 10:52:22.894276','48','Lionel Messi',2,'[{\"changed\": {\"fields\": [\"Name\", \"Team\", \"Age\", \"Goals\", \"Overall\"]}}]',11,1),(163,'2020-09-10 10:53:09.179115','28','Cristiano Ronaldo',2,'[{\"changed\": {\"fields\": [\"Name\", \"Team\", \"Age\", \"Goals\", \"Overall\"]}}]',11,1),(164,'2020-09-10 11:04:51.672328','48','Lionel Messi',3,'',11,1),(165,'2020-09-10 11:04:51.680327','28','Cristiano Ronaldo',3,'',11,1),(166,'2020-09-10 11:04:51.687958','107','Candreva',3,'',11,1),(167,'2020-09-10 11:04:51.696957','106','Krychowiak',3,'',11,1),(168,'2020-09-10 11:04:51.704960','105','Choupo-Moting',3,'',11,1),(169,'2020-09-10 11:04:51.713227','104','Dele Alli',3,'',11,1),(170,'2020-09-10 11:04:51.720318','103','Ansu Fati',3,'',11,1),(171,'2020-09-10 11:04:51.728972','102','Konoplyanka',3,'',11,1),(172,'2020-09-10 11:04:51.735973','101','Savic',3,'',11,1),(173,'2020-09-10 11:04:51.744979','100','Tagliafico',3,'',11,1),(174,'2020-09-10 11:04:51.751236','99','Jan Boril',3,'',11,1),(175,'2020-09-10 11:04:51.759592','98','Carles Perez',3,'',11,1),(176,'2020-09-10 11:04:51.767243','97','Thomas',3,'',11,1),(177,'2020-09-10 11:04:51.775055','96','Kondogbia',3,'',11,1),(178,'2020-09-10 11:04:51.781857','95','Héctor Herrera',3,'',11,1),(179,'2020-09-10 11:04:51.790318','94','Felipe Monteiro',3,'',11,1),(180,'2020-09-10 11:04:51.796866','93','Saúl',3,'',11,1),(181,'2020-09-10 11:04:51.803867','92','Peter Oladeji Olayinka',3,'',11,1),(182,'2020-09-10 11:04:51.810869','91','Isco',3,'',11,1),(183,'2020-09-10 11:04:51.817609','90','Insigne',3,'',11,1),(184,'2020-09-10 11:04:51.825609','89','Hans Hateboer',3,'',11,1),(185,'2020-09-10 11:04:51.832966','88','Sarabia',3,'',11,1),(186,'2020-09-10 11:04:51.839631','87','Moraes',3,'',11,1),(187,'2020-09-10 11:04:51.846634','86','Marquinhos',3,'',11,1),(188,'2020-09-10 11:04:51.853634','85','Griezmann',3,'',11,1),(189,'2020-09-10 11:04:51.860634','84','Bernat',3,'',11,1),(190,'2020-09-10 11:04:51.868348','83','Marcos Llorente',3,'',11,1),(191,'2020-09-10 11:04:51.875349','82','Jorginho Frello',3,'',11,1),(192,'2020-09-10 11:04:51.883350','81','Azpilicueta',3,'',11,1),(193,'2020-09-10 11:04:51.891350','80','Manor Soloman',3,'',11,1),(194,'2020-09-10 11:04:51.899327','79','Aleksey Miranchuk',3,'',11,1),(195,'2020-09-10 11:04:51.906326','78','Lukaku',3,'',11,1),(196,'2020-09-10 11:04:51.913325','77','Dembele',3,'',11,1),(197,'2020-09-10 11:04:51.920316','76','Rodrigo',3,'',11,1),(198,'2020-09-10 11:04:51.928319','75','Victor Osimhen',3,'',11,1),(199,'2020-09-10 11:04:51.936319','74','Seferovic',3,'',11,1),(200,'2020-09-10 11:04:51.943317','73','Ferrán Torres',3,'',11,1),(201,'2020-09-10 11:04:51.951149','72','Gameiro',3,'',11,1),(202,'2020-09-10 11:04:51.958317','71','Cheryshev',3,'',11,1),(203,'2020-09-10 11:04:51.965155','70','Azmoun',3,'',11,1),(204,'2020-09-10 11:04:51.972319','69','Dennis Bonaventure',3,'',11,1),(205,'2020-09-10 11:04:51.980322','68','Hakim Ziyech',3,'',11,1),(206,'2020-09-10 11:04:51.987322','67','Dzyuba',3,'',11,1),(207,'2020-09-10 11:04:51.994325','66','De Bruyne',3,'',11,1),(208,'2020-09-10 11:04:52.002328','65','Aguero',3,'',11,1),(209,'2020-09-10 11:04:52.010324','64','Wijnaldum',3,'',11,1),(210,'2020-09-10 11:04:52.017323','63','Donny van de Beek',3,'',11,1),(211,'2020-09-10 11:04:52.025325','62','Brandt',3,'',11,1),(212,'2020-09-10 11:04:52.033324','61','Gündogan',3,'',11,1),(213,'2020-09-10 11:04:52.042327','60','Foden',3,'',11,1),(214,'2020-09-10 11:04:52.049325','59','Mane',3,'',11,1),(215,'2020-09-10 11:04:52.056805','58','Jadon Sancho',3,'',11,1),(216,'2020-09-10 11:04:52.063804','57','Sergio Ramos',3,'',11,1),(217,'2020-09-10 11:04:52.070806','56','Minamino',3,'',11,1),(218,'2020-09-10 11:04:52.077664','55','Joshua Kimmich',3,'',11,1),(219,'2020-09-10 11:04:52.083669','54','Higuaín',3,'',11,1),(220,'2020-09-10 11:04:52.089673','53','Tomas Soucek',3,'',11,1),(221,'2020-09-10 11:04:52.096672','52','Semedo',3,'',11,1),(222,'2020-09-10 11:04:52.102673','51','El-Arabi',3,'',11,1),(223,'2020-09-10 11:04:52.110318','50','Mbwana Aly Samatta',3,'',11,1),(224,'2020-09-10 11:04:52.117318','49','Morata',3,'',11,1),(225,'2020-09-10 11:04:52.124320','47','Kingsley Coman',3,'',11,1),(226,'2020-09-10 11:04:52.131316','46','Coutinho',3,'',11,1),(227,'2020-09-10 11:04:52.144323','45','Pizzi',3,'',11,1),(228,'2020-09-10 11:04:52.151328','44','Hwang Hee-Chan',3,'',11,1),(229,'2020-09-10 11:04:52.158332','43','João Félix',3,'',11,1),(230,'2020-09-10 11:04:52.166333','42','Perisic',3,'',11,1),(231,'2020-09-10 11:04:52.172332','41','Tolisso',3,'',11,1),(232,'2020-09-10 11:04:52.179942','40','Oxlade-Chamberlain',3,'',11,1),(233,'2020-09-10 11:04:52.186943','39','Dani Olmo',3,'',11,1),(234,'2020-09-10 11:04:52.193954','38','Paulo Dybala',3,'',11,1),(235,'2020-09-10 11:04:52.201211','37','Arkadiusz Milik',3,'',11,1),(236,'2020-09-10 11:04:52.208968','36','Neymar',3,'',11,1),(237,'2020-09-10 11:04:52.216964','35','Di María',3,'',11,1),(238,'2020-09-10 11:04:52.223967','34','Tammy Abraham',3,'',11,1),(239,'2020-09-10 11:04:52.230965','33','Pasalic',3,'',11,1),(240,'2020-09-10 11:04:52.237969','32','Quincy Promes',3,'',11,1),(241,'2020-09-10 11:04:52.244969','31','Achraf Hakimi',3,'',11,1),(242,'2020-09-10 11:04:52.254329','30','Timo Werner',3,'',11,1),(243,'2020-09-10 11:04:52.261333','29','M. Sabitzer',3,'',11,1),(244,'2020-09-10 11:04:52.268317','27','Müller',3,'',11,1),(245,'2020-09-10 11:04:52.274852','26','Forsberg',3,'',11,1),(246,'2020-09-10 11:04:52.281861','25','Salah',3,'',11,1),(247,'2020-09-10 11:04:52.288860','24','Mislav Orsic',3,'',11,1),(248,'2020-09-10 11:04:52.296866','23','Rodrygo',3,'',11,1),(249,'2020-09-10 11:04:52.302876','22','Lautaro Martínez',3,'',11,1),(250,'2020-09-10 11:04:52.310881','21','Heung-Min Son',3,'',11,1),(251,'2020-09-10 11:04:52.317318','20','Luis Suárez',3,'',11,1),(252,'2020-09-10 11:04:52.325317','19','Benzema',3,'',11,1),(253,'2020-09-10 11:04:52.333325','18','Icardi',3,'',11,1),(254,'2020-09-10 11:04:52.341032','17','Kylian Mbappe',3,'',11,1),(255,'2020-09-10 11:04:52.348648','16','Josip Ilicic',3,'',11,1),(256,'2020-09-10 11:04:52.355859','15','Gabriel Jesus',3,'',11,1),(257,'2020-09-10 11:04:52.362863','14','Mertens',3,'',11,1),(258,'2020-09-10 11:04:52.369321','13','Kane',3,'',11,1),(259,'2020-09-10 11:04:52.377319','12','Depay',3,'',11,1),(260,'2020-09-10 11:04:52.384323','11','Sterling',3,'',11,1),(261,'2020-09-10 11:04:52.393329','10','Serge Gnabry',3,'',11,1),(262,'2020-09-10 11:04:52.399977','9','Erling Braut Haaland',3,'',11,1),(263,'2020-09-10 11:04:52.407978','8','Lewandowski',3,'',11,1),(264,'2020-09-10 11:07:42.193579','207','Candreva',3,'',11,1),(265,'2020-09-10 11:07:42.202582','206','Krychowiak',3,'',11,1),(266,'2020-09-10 11:07:42.208583','205','Choupo-Moting',3,'',11,1),(267,'2020-09-10 11:07:42.215585','204','Dele Alli',3,'',11,1),(268,'2020-09-10 11:07:42.222583','203','Ansu Fati',3,'',11,1),(269,'2020-09-10 11:07:42.229579','202','Konoplyanka',3,'',11,1),(270,'2020-09-10 11:07:42.236579','201','Savic',3,'',11,1),(271,'2020-09-10 11:07:42.243588','200','Tagliafico',3,'',11,1),(272,'2020-09-10 11:07:42.249589','199','Jan Boril',3,'',11,1),(273,'2020-09-10 11:07:42.256579','198','Carles Perez',3,'',11,1),(274,'2020-09-10 11:07:42.264583','197','Thomas',3,'',11,1),(275,'2020-09-10 11:07:42.272578','196','Kondogbia',3,'',11,1),(276,'2020-09-10 11:07:42.282582','195','Héctor Herrera',3,'',11,1),(277,'2020-09-10 11:07:42.289587','194','Felipe Monteiro',3,'',11,1),(278,'2020-09-10 11:07:42.298594','193','Saúl',3,'',11,1),(279,'2020-09-10 11:07:42.307591','192','Peter Oladeji Olayinka',3,'',11,1),(280,'2020-09-10 11:07:42.315590','191','Isco',3,'',11,1),(281,'2020-09-10 11:07:42.322591','190','Insigne',3,'',11,1),(282,'2020-09-10 11:07:42.329590','189','Hans Hateboer',3,'',11,1),(283,'2020-09-10 11:07:42.336590','188','Sarabia',3,'',11,1),(284,'2020-09-10 11:07:42.343591','187','Moraes',3,'',11,1),(285,'2020-09-10 11:07:42.350593','186','Marquinhos',3,'',11,1),(286,'2020-09-10 11:07:42.357594','185','Griezmann',3,'',11,1),(287,'2020-09-10 11:07:42.363527','184','Bernat',3,'',11,1),(288,'2020-09-10 11:07:42.370864','183','Marcos Llorente',3,'',11,1),(289,'2020-09-10 11:07:42.377522','182','Jorginho Frello',3,'',11,1),(290,'2020-09-10 11:07:42.384522','181','Azpilicueta',3,'',11,1),(291,'2020-09-10 11:07:42.390528','180','Manor Soloman',3,'',11,1),(292,'2020-09-10 11:07:42.397367','179','Aleksey Miranchuk',3,'',11,1),(293,'2020-09-10 11:07:42.404372','178','Lukaku',3,'',11,1),(294,'2020-09-10 11:07:42.411379','177','Dembele',3,'',11,1),(295,'2020-09-10 11:07:42.419428','176','Rodrigo',3,'',11,1),(296,'2020-09-10 11:07:42.426429','175','Victor Osimhen',3,'',11,1),(297,'2020-09-10 11:07:42.434434','174','Seferovic',3,'',11,1),(298,'2020-09-10 11:07:42.440587','173','Ferrán Torres',3,'',11,1),(299,'2020-09-10 11:07:42.447577','172','Gameiro',3,'',11,1),(300,'2020-09-10 11:07:42.454584','171','Cheryshev',3,'',11,1),(301,'2020-09-10 11:07:42.460584','170','Azmoun',3,'',11,1),(302,'2020-09-10 11:07:42.467589','169','Dennis Bonaventure',3,'',11,1),(303,'2020-09-10 11:07:42.474600','168','Hakim Ziyech',3,'',11,1),(304,'2020-09-10 11:07:42.481581','167','Dzyuba',3,'',11,1),(305,'2020-09-10 11:07:42.488581','166','De Bruyne',3,'',11,1),(306,'2020-09-10 11:07:42.496794','165','Aguero',3,'',11,1),(307,'2020-09-10 11:07:42.503591','164','Wijnaldum',3,'',11,1),(308,'2020-09-10 11:07:42.511598','163','Donny van de Beek',3,'',11,1),(309,'2020-09-10 11:07:42.518410','162','Brandt',3,'',11,1),(310,'2020-09-10 11:07:42.525414','161','Gündogan',3,'',11,1),(311,'2020-09-10 11:07:42.531421','160','Foden',3,'',11,1),(312,'2020-09-10 11:07:42.538918','159','Mane',3,'',11,1),(313,'2020-09-10 11:07:42.546925','158','Jadon Sancho',3,'',11,1),(314,'2020-09-10 11:07:42.553749','157','Sergio Ramos',3,'',11,1),(315,'2020-09-10 11:07:42.560756','156','Minamino',3,'',11,1),(316,'2020-09-10 11:07:42.568020','155','Joshua Kimmich',3,'',11,1),(317,'2020-09-10 11:07:42.575438','154','Higuaín',3,'',11,1),(318,'2020-09-10 11:07:42.582438','153','Tomas Soucek',3,'',11,1),(319,'2020-09-10 11:07:42.589438','152','Semedo',3,'',11,1),(320,'2020-09-10 11:07:42.596437','151','El-Arabi',3,'',11,1),(321,'2020-09-10 11:07:42.604437','150','Mbwana Aly Samatta',3,'',11,1),(322,'2020-09-10 11:07:42.613438','149','Morata',3,'',11,1),(323,'2020-09-10 11:07:42.621059','148','Lionel Messi',3,'',11,1),(324,'2020-09-10 11:07:42.629066','147','Kingsley Coman',3,'',11,1),(325,'2020-09-10 11:07:42.636658','146','Coutinho',3,'',11,1),(326,'2020-09-10 11:07:42.643660','145','Pizzi',3,'',11,1),(327,'2020-09-10 11:07:42.650658','144','Hwang Hee-Chan',3,'',11,1),(328,'2020-09-10 11:07:42.657657','143','João Félix',3,'',11,1),(329,'2020-09-10 11:07:42.665692','142','Perisic',3,'',11,1),(330,'2020-09-10 11:07:42.673677','141','Tolisso',3,'',11,1),(331,'2020-09-10 11:07:42.682026','140','Oxlade-Chamberlain',3,'',11,1),(332,'2020-09-10 11:07:42.689078','139','Dani Olmo',3,'',11,1),(333,'2020-09-10 11:07:42.697051','138','Paulo Dybala',3,'',11,1),(334,'2020-09-10 11:07:42.704998','137','Arkadiusz Milik',3,'',11,1),(335,'2020-09-10 11:07:42.714002','136','Neymar',3,'',11,1),(336,'2020-09-10 11:07:42.722010','135','Di María',3,'',11,1),(337,'2020-09-10 11:07:42.729394','134','Tammy Abraham',3,'',11,1),(338,'2020-09-10 11:07:42.736599','133','Pasalic',3,'',11,1),(339,'2020-09-10 11:07:42.744606','132','Quincy Promes',3,'',11,1),(340,'2020-09-10 11:07:42.752107','131','Achraf Hakimi',3,'',11,1),(341,'2020-09-10 11:07:42.775116','130','Timo Werner',3,'',11,1),(342,'2020-09-10 11:07:42.788320','129','M. Sabitzer',3,'',11,1),(343,'2020-09-10 11:07:42.801326','128','Cristiano Ronaldo',3,'',11,1),(344,'2020-09-10 11:07:42.814274','127','Müller',3,'',11,1),(345,'2020-09-10 11:07:42.824274','126','Forsberg',3,'',11,1),(346,'2020-09-10 11:07:42.836748','125','Salah',3,'',11,1),(347,'2020-09-10 11:07:42.850583','124','Mislav Orsic',3,'',11,1),(348,'2020-09-10 11:07:42.864595','123','Rodrygo',3,'',11,1),(349,'2020-09-10 11:07:42.874595','122','Lautaro Martínez',3,'',11,1),(350,'2020-09-10 11:07:42.882561','121','Heung-Min Son',3,'',11,1),(351,'2020-09-10 11:07:42.893402','120','Luis Suárez',3,'',11,1),(352,'2020-09-10 11:07:42.901414','119','Benzema',3,'',11,1),(353,'2020-09-10 11:07:42.908613','118','Icardi',3,'',11,1),(354,'2020-09-10 11:07:42.917424','117','Kylian Mbappe',3,'',11,1),(355,'2020-09-10 11:07:42.924382','116','Josip Ilicic',3,'',11,1),(356,'2020-09-10 11:07:42.931381','115','Gabriel Jesus',3,'',11,1),(357,'2020-09-10 11:07:42.939839','114','Mertens',3,'',11,1),(358,'2020-09-10 11:07:42.946843','113','Kane',3,'',11,1),(359,'2020-09-10 11:07:42.954857','112','Depay',3,'',11,1),(360,'2020-09-10 11:07:42.961862','111','Sterling',3,'',11,1),(361,'2020-09-10 11:07:42.969864','110','Serge Gnabry',3,'',11,1),(362,'2020-09-10 11:07:42.977873','109','Erling Braut Haaland',3,'',11,1),(363,'2020-09-10 11:07:42.985876','108','Lewandowski',3,'',11,1),(364,'2020-09-10 11:08:33.740752','307','Candreva',3,'',11,1),(365,'2020-09-10 11:08:33.748758','306','Krychowiak',3,'',11,1),(366,'2020-09-10 11:08:33.756490','305','Choupo-Moting',3,'',11,1),(367,'2020-09-10 11:08:33.764490','304','Dele Alli',3,'',11,1),(368,'2020-09-10 11:08:33.772491','303','Ansu Fati',3,'',11,1),(369,'2020-09-10 11:08:33.780493','302','Konoplyanka',3,'',11,1),(370,'2020-09-10 11:08:33.787492','301','Savic',3,'',11,1),(371,'2020-09-10 11:08:33.795495','300','Tagliafico',3,'',11,1),(372,'2020-09-10 11:08:33.802497','299','Jan Boril',3,'',11,1),(373,'2020-09-10 11:08:33.810498','298','Carles Perez',3,'',11,1),(374,'2020-09-10 11:08:33.818502','297','Thomas',3,'',11,1),(375,'2020-09-10 11:08:33.825498','296','Kondogbia',3,'',11,1),(376,'2020-09-10 11:08:33.833497','295','Héctor Herrera',3,'',11,1),(377,'2020-09-10 11:08:33.839496','294','Felipe Monteiro',3,'',11,1),(378,'2020-09-10 11:08:33.847498','293','Saúl',3,'',11,1),(379,'2020-09-10 11:08:33.854499','292','Peter Oladeji Olayinka',3,'',11,1),(380,'2020-09-10 11:08:33.861498','291','Isco',3,'',11,1),(381,'2020-09-10 11:08:33.870501','290','Insigne',3,'',11,1),(382,'2020-09-10 11:08:33.877142','289','Hans Hateboer',3,'',11,1),(383,'2020-09-10 11:08:33.883148','288','Sarabia',3,'',11,1),(384,'2020-09-10 11:08:33.890154','287','Moraes',3,'',11,1),(385,'2020-09-10 11:08:33.898098','286','Marquinhos',3,'',11,1),(386,'2020-09-10 11:08:33.905336','285','Griezmann',3,'',11,1),(387,'2020-09-10 11:08:33.913337','284','Bernat',3,'',11,1),(388,'2020-09-10 11:08:33.920335','283','Marcos Llorente',3,'',11,1),(389,'2020-09-10 11:08:33.927336','282','Jorginho Frello',3,'',11,1),(390,'2020-09-10 11:08:33.934338','281','Azpilicueta',3,'',11,1),(391,'2020-09-10 11:08:33.941297','280','Manor Soloman',3,'',11,1),(392,'2020-09-10 11:08:33.947656','279','Aleksey Miranchuk',3,'',11,1),(393,'2020-09-10 11:08:33.954303','278','Lukaku',3,'',11,1),(394,'2020-09-10 11:08:33.963305','277','Dembele',3,'',11,1),(395,'2020-09-10 11:08:33.969304','276','Rodrigo',3,'',11,1),(396,'2020-09-10 11:08:33.976307','275','Victor Osimhen',3,'',11,1),(397,'2020-09-10 11:08:33.983150','274','Seferovic',3,'',11,1),(398,'2020-09-10 11:08:33.990152','273','Ferrán Torres',3,'',11,1),(399,'2020-09-10 11:08:33.997051','272','Gameiro',3,'',11,1),(400,'2020-09-10 11:08:34.004055','271','Cheryshev',3,'',11,1),(401,'2020-09-10 11:08:34.011064','270','Azmoun',3,'',11,1),(402,'2020-09-10 11:08:34.017057','269','Dennis Bonaventure',3,'',11,1),(403,'2020-09-10 11:08:34.025074','268','Hakim Ziyech',3,'',11,1),(404,'2020-09-10 11:08:34.032079','267','Dzyuba',3,'',11,1),(405,'2020-09-10 11:08:34.041087','266','De Bruyne',3,'',11,1),(406,'2020-09-10 11:08:34.050087','265','Aguero',3,'',11,1),(407,'2020-09-10 11:08:34.058094','264','Wijnaldum',3,'',11,1),(408,'2020-09-10 11:08:34.064657','263','Donny van de Beek',3,'',11,1),(409,'2020-09-10 11:08:34.072664','262','Brandt',3,'',11,1),(410,'2020-09-10 11:08:34.079663','261','Gündogan',3,'',11,1),(411,'2020-09-10 11:08:34.090653','260','Foden',3,'',11,1),(412,'2020-09-10 11:08:34.102743','259','Mane',3,'',11,1),(413,'2020-09-10 11:08:34.116662','258','Jadon Sancho',3,'',11,1),(414,'2020-09-10 11:08:34.130648','257','Sergio Ramos',3,'',11,1),(415,'2020-09-10 11:08:34.140654','256','Minamino',3,'',11,1),(416,'2020-09-10 11:08:34.154655','255','Joshua Kimmich',3,'',11,1),(417,'2020-09-10 11:08:34.168666','254','Higuaín',3,'',11,1),(418,'2020-09-10 11:08:34.186666','253','Tomas Soucek',3,'',11,1),(419,'2020-09-10 11:08:34.193201','252','Semedo',3,'',11,1),(420,'2020-09-10 11:08:34.200143','251','El-Arabi',3,'',11,1),(421,'2020-09-10 11:08:34.207660','250','Mbwana Aly Samatta',3,'',11,1),(422,'2020-09-10 11:08:34.214671','249','Morata',3,'',11,1),(423,'2020-09-10 11:08:34.221670','248','Messi',3,'',11,1),(424,'2020-09-10 11:08:34.228670','247','Kingsley Coman',3,'',11,1),(425,'2020-09-10 11:08:34.236678','246','Coutinho',3,'',11,1),(426,'2020-09-10 11:08:34.245677','245','Pizzi',3,'',11,1),(427,'2020-09-10 11:08:34.253688','244','Hwang Hee-Chan',3,'',11,1),(428,'2020-09-10 11:08:34.261688','243','João Félix',3,'',11,1),(429,'2020-09-10 11:08:34.268688','242','Perisic',3,'',11,1),(430,'2020-09-10 11:08:34.275688','241','Tolisso',3,'',11,1),(431,'2020-09-10 11:08:34.283694','240','Oxlade-Chamberlain',3,'',11,1),(432,'2020-09-10 11:08:34.290694','239','Dani Olmo',3,'',11,1),(433,'2020-09-10 11:08:34.297702','238','Paulo Dybala',3,'',11,1),(434,'2020-09-10 11:08:34.305704','237','Arkadiusz Milik',3,'',11,1),(435,'2020-09-10 11:08:34.312703','236','Neymar',3,'',11,1),(436,'2020-09-10 11:08:34.320710','235','Di María',3,'',11,1),(437,'2020-09-10 11:08:34.328711','234','Tammy Abraham',3,'',11,1),(438,'2020-09-10 11:08:34.336712','233','Pasalic',3,'',11,1),(439,'2020-09-10 11:08:34.343718','232','Quincy Promes',3,'',11,1),(440,'2020-09-10 11:08:34.351719','231','Achraf Hakimi',3,'',11,1),(441,'2020-09-10 11:08:34.359011','230','Timo Werner',3,'',11,1),(442,'2020-09-10 11:08:34.367013','229','M. Sabitzer',3,'',11,1),(443,'2020-09-10 11:08:34.374770','228','Cristiano',3,'',11,1),(444,'2020-09-10 11:08:34.382663','227','Müller',3,'',11,1),(445,'2020-09-10 11:08:34.390580','226','Forsberg',3,'',11,1),(446,'2020-09-10 11:08:34.398579','225','Salah',3,'',11,1),(447,'2020-09-10 11:08:34.406580','224','Mislav Orsic',3,'',11,1),(448,'2020-09-10 11:08:34.414369','223','Rodrygo',3,'',11,1),(449,'2020-09-10 11:08:34.421371','222','Lautaro Martínez',3,'',11,1),(450,'2020-09-10 11:08:34.429630','221','Heung-Min Son',3,'',11,1),(451,'2020-09-10 11:08:34.437630','220','Luis Suárez',3,'',11,1),(452,'2020-09-10 11:08:34.445642','219','Benzema',3,'',11,1),(453,'2020-09-10 11:08:34.453653','218','Icardi',3,'',11,1),(454,'2020-09-10 11:08:34.462658','217','Kylian Mbappe',3,'',11,1),(455,'2020-09-10 11:08:34.469654','216','Josip Ilicic',3,'',11,1),(456,'2020-09-10 11:08:34.477659','215','Gabriel Jesus',3,'',11,1),(457,'2020-09-10 11:08:34.485919','214','Mertens',3,'',11,1),(458,'2020-09-10 11:08:34.493926','213','Kane',3,'',11,1),(459,'2020-09-10 11:08:34.501930','212','Depay',3,'',11,1),(460,'2020-09-10 11:08:34.509931','211','Sterling',3,'',11,1),(461,'2020-09-10 11:08:34.517932','210','Serge Gnabry',3,'',11,1),(462,'2020-09-10 11:08:34.525933','209','Erling Braut Haaland',3,'',11,1),(463,'2020-09-10 11:08:34.532930','208','Lewandowski',3,'',11,1),(464,'2020-09-10 11:37:46.777311','409','None',3,'',11,1),(465,'2020-09-10 11:37:46.787706','408','None',3,'',11,1),(466,'2020-09-10 12:16:54.152138','407','Candreva',3,'',11,1),(467,'2020-09-10 12:16:54.161138','406','Krychowiak',3,'',11,1),(468,'2020-09-10 12:16:54.168956','405','Choupo-Moting',3,'',11,1),(469,'2020-09-10 12:16:54.176957','404','Dele Alli',3,'',11,1),(470,'2020-09-10 12:16:54.184474','403','Ansu Fati',3,'',11,1),(471,'2020-09-10 12:16:54.191478','402','Konoplyanka',3,'',11,1),(472,'2020-09-10 12:16:54.199478','401','Savic',3,'',11,1),(473,'2020-09-10 12:16:54.207479','400','Tagliafico',3,'',11,1),(474,'2020-09-10 12:16:54.215480','399','Jan Boril',3,'',11,1),(475,'2020-09-10 12:16:54.223482','398','Carles Perez',3,'',11,1),(476,'2020-09-10 12:16:54.230481','397','Thomas',3,'',11,1),(477,'2020-09-10 12:16:54.239485','396','Kondogbia',3,'',11,1),(478,'2020-09-10 12:16:54.246333','395','Héctor Herrera',3,'',11,1),(479,'2020-09-10 12:16:54.260355','394','Felipe Monteiro',3,'',11,1),(480,'2020-09-10 12:16:54.269365','393','Saúl',3,'',11,1),(481,'2020-09-10 12:16:54.276370','392','Peter Oladeji Olayinka',3,'',11,1),(482,'2020-09-10 12:16:54.285378','391','Isco',3,'',11,1),(483,'2020-09-10 12:16:54.297380','390','Insigne',3,'',11,1),(484,'2020-09-10 12:16:54.317291','389','Hans Hateboer',3,'',11,1),(485,'2020-09-10 12:16:54.331293','388','Sarabia',3,'',11,1),(486,'2020-09-10 12:16:54.338302','387','Moraes',3,'',11,1),(487,'2020-09-10 12:16:54.347309','386','Marquinhos',3,'',11,1),(488,'2020-09-10 12:16:54.355311','385','Griezmann',3,'',11,1),(489,'2020-09-10 12:16:54.363311','384','Bernat',3,'',11,1),(490,'2020-09-10 12:16:54.370310','383','Marcos Llorente',3,'',11,1),(491,'2020-09-10 12:16:54.377677','382','Jorginho Frello',3,'',11,1),(492,'2020-09-10 12:16:54.384965','381','Azpilicueta',3,'',11,1),(493,'2020-09-10 12:16:54.392965','380','Manor Soloman',3,'',11,1),(494,'2020-09-10 12:16:54.400968','379','Aleksey Miranchuk',3,'',11,1),(495,'2020-09-10 12:16:54.407801','378','Lukaku',3,'',11,1),(496,'2020-09-10 12:16:54.414803','377','Dembele',3,'',11,1),(497,'2020-09-10 12:16:54.422804','376','Rodrigo',3,'',11,1),(498,'2020-09-10 12:16:54.430953','375','Victor Osimhen',3,'',11,1),(499,'2020-09-10 12:16:54.437973','374','Seferovic',3,'',11,1),(500,'2020-09-10 12:16:54.444952','373','Ferrán Torres',3,'',11,1),(501,'2020-09-10 12:16:54.453953','372','Gameiro',3,'',11,1),(502,'2020-09-10 12:16:54.460936','371','Cheryshev',3,'',11,1),(503,'2020-09-10 12:16:54.468944','370','Azmoun',3,'',11,1),(504,'2020-09-10 12:16:54.474946','369','Dennis Bonaventure',3,'',11,1),(505,'2020-09-10 12:16:54.482947','368','Hakim Ziyech',3,'',11,1),(506,'2020-09-10 12:16:54.489959','367','Dzyuba',3,'',11,1),(507,'2020-09-10 12:16:54.496960','366','De Bruyne',3,'',11,1),(508,'2020-09-10 12:16:54.503955','365','Aguero',3,'',11,1),(509,'2020-09-10 12:16:54.511956','364','Wijnaldum',3,'',11,1),(510,'2020-09-10 12:16:54.518954','363','Donny van de Beek',3,'',11,1),(511,'2020-09-10 12:16:54.525954','362','Brandt',3,'',11,1),(512,'2020-09-10 12:16:54.532956','361','Gündogan',3,'',11,1),(513,'2020-09-10 12:16:54.539956','360','Foden',3,'',11,1),(514,'2020-09-10 12:16:54.547961','359','Mane',3,'',11,1),(515,'2020-09-10 12:16:54.554958','358','Jadon Sancho',3,'',11,1),(516,'2020-09-10 12:16:54.561957','357','Sergio Ramos',3,'',11,1),(517,'2020-09-10 12:16:54.571959','356','Minamino',3,'',11,1),(518,'2020-09-10 12:16:54.579960','355','Joshua Kimmich',3,'',11,1),(519,'2020-09-10 12:16:54.588961','354','Higuaín',3,'',11,1),(520,'2020-09-10 12:16:54.595961','353','Tomas Soucek',3,'',11,1),(521,'2020-09-10 12:16:54.602960','352','Semedo',3,'',11,1),(522,'2020-09-10 12:16:54.609961','351','El-Arabi',3,'',11,1),(523,'2020-09-10 12:16:54.616610','350','Mbwana Aly Samatta',3,'',11,1),(524,'2020-09-10 12:16:54.622920','349','Morata',3,'',11,1),(525,'2020-09-10 12:16:54.629926','348','Lionel Messi',3,'',11,1),(526,'2020-09-10 12:16:54.637916','347','Kingsley Coman',3,'',11,1),(527,'2020-09-10 12:16:54.644914','346','Coutinho',3,'',11,1),(528,'2020-09-10 12:16:54.653853','345','Pizzi',3,'',11,1),(529,'2020-09-10 12:16:54.660853','344','Hwang Hee-Chan',3,'',11,1),(530,'2020-09-10 12:16:54.667853','343','João Félix',3,'',11,1),(531,'2020-09-10 12:16:54.674854','342','Perisic',3,'',11,1),(532,'2020-09-10 12:16:54.681863','341','Tolisso',3,'',11,1),(533,'2020-09-10 12:16:54.687873','340','Oxlade-Chamberlain',3,'',11,1),(534,'2020-09-10 12:16:54.694882','339','Dani Olmo',3,'',11,1),(535,'2020-09-10 12:16:54.701882','338','Paulo Dybala',3,'',11,1),(536,'2020-09-10 12:16:54.708716','337','Arkadiusz Milik',3,'',11,1),(537,'2020-09-10 12:16:54.715716','336','Neymar',3,'',11,1),(538,'2020-09-10 12:16:54.722598','335','Di María',3,'',11,1),(539,'2020-09-10 12:16:54.731601','334','Tammy Abraham',3,'',11,1),(540,'2020-09-10 12:16:54.738618','333','Pasalic',3,'',11,1),(541,'2020-09-10 12:16:54.746630','332','Quincy Promes',3,'',11,1),(542,'2020-09-10 12:16:54.753642','331','Achraf Hakimi',3,'',11,1),(543,'2020-09-10 12:16:54.762647','330','Timo Werner',3,'',11,1),(544,'2020-09-10 12:16:54.769646','329','M. Sabitzer',3,'',11,1),(545,'2020-09-10 12:16:54.777646','328','Cristiano Ronaldo',3,'',11,1),(546,'2020-09-10 12:16:54.785649','327','Müller',3,'',11,1),(547,'2020-09-10 12:16:54.793649','326','Forsberg',3,'',11,1),(548,'2020-09-10 12:16:54.800660','325','Salah',3,'',11,1),(549,'2020-09-10 12:16:54.808500','324','Mislav Orsic',3,'',11,1),(550,'2020-09-10 12:16:54.816511','323','Rodrygo',3,'',11,1),(551,'2020-09-10 12:16:54.824513','322','Lautaro Martínez',3,'',11,1),(552,'2020-09-10 12:16:54.832516','321','Heung-Min Son',3,'',11,1),(553,'2020-09-10 12:16:54.840514','320','Luis Suárez',3,'',11,1),(554,'2020-09-10 12:16:54.848526','319','Benzema',3,'',11,1),(555,'2020-09-10 12:16:54.857527','318','Icardi',3,'',11,1),(556,'2020-09-10 12:16:54.866524','317','Kylian Mbappe',3,'',11,1),(557,'2020-09-10 12:16:54.873525','316','Josip Ilicic',3,'',11,1),(558,'2020-09-10 12:16:54.881705','315','Gabriel Jesus',3,'',11,1),(559,'2020-09-10 12:16:54.889706','314','Mertens',3,'',11,1),(560,'2020-09-10 12:16:54.896704','313','Kane',3,'',11,1),(561,'2020-09-10 12:16:54.904641','312','Depay',3,'',11,1),(562,'2020-09-10 12:16:54.911640','311','Sterling',3,'',11,1),(563,'2020-09-10 12:16:54.919618','310','Serge Gnabry',3,'',11,1),(564,'2020-09-10 12:16:54.928619','309','Erling Braut Haaland',3,'',11,1),(565,'2020-09-10 12:16:54.936620','308','Lewandowski',3,'',11,1),(566,'2020-09-10 12:19:19.311232','430','Lionel Messi',2,'[{\"changed\": {\"fields\": [\"Name\", \"Team\", \"Age\", \"Overall\"]}}]',11,1),(567,'2020-09-10 12:19:47.797338','450','Cristiano Ronaldo',2,'[{\"changed\": {\"fields\": [\"Name\", \"Team\", \"Age\", \"Goals\", \"Overall\"]}}]',11,1),(568,'2020-09-11 13:12:40.618594','410','Lewandowski',3,'',11,1),(569,'2020-09-11 13:12:40.634681','411','Erling Braut Haaland',3,'',11,1),(570,'2020-09-11 13:12:40.642588','412','Serge Gnabry',3,'',11,1),(571,'2020-09-11 13:12:40.649586','417','Gabriel Jesus',3,'',11,1),(572,'2020-09-11 13:12:40.655587','416','Mertens',3,'',11,1),(573,'2020-09-11 13:12:40.663593','415','Kane',3,'',11,1),(574,'2020-09-11 13:12:40.671591','414','Depay',3,'',11,1),(575,'2020-09-11 13:12:40.680593','413','Sterling',3,'',11,1),(576,'2020-09-11 13:12:40.688593','424','Lautaro Martínez',3,'',11,1),(577,'2020-09-11 13:12:40.695590','423','Heung-Min Son',3,'',11,1),(578,'2020-09-11 13:12:40.702592','422','Luis Suárez',3,'',11,1),(579,'2020-09-11 13:12:40.710591','421','Benzema',3,'',11,1),(580,'2020-09-11 13:12:40.716592','420','Icardi',3,'',11,1),(581,'2020-09-11 13:12:40.723595','419','Kylian Mbappe',3,'',11,1),(582,'2020-09-11 13:12:40.730594','418','Josip Ilicic',3,'',11,1),(583,'2020-09-11 13:12:40.739597','450','Cristiano Ronaldo',3,'',11,1),(584,'2020-09-11 13:12:40.746597','434','Quincy Promes',3,'',11,1),(585,'2020-09-11 13:12:40.754597','433','Achraf Hakimi',3,'',11,1),(586,'2020-09-11 13:12:40.763598','432','Timo Werner',3,'',11,1),(587,'2020-09-11 13:12:40.771597','431','M. Sabitzer',3,'',11,1),(588,'2020-09-11 13:12:40.778597','430','Lionel Messi',3,'',11,1),(589,'2020-09-11 13:12:40.786598','429','Müller',3,'',11,1),(590,'2020-09-11 13:12:40.794597','428','Forsberg',3,'',11,1),(591,'2020-09-11 13:12:40.802598','427','Salah',3,'',11,1),(592,'2020-09-11 13:12:40.808599','426','Mislav Orsic',3,'',11,1),(593,'2020-09-11 13:12:40.816599','425','Rodrygo',3,'',11,1),(594,'2020-09-11 13:12:40.824600','453','El-Arabi',3,'',11,1),(595,'2020-09-11 13:12:40.831601','452','Mbwana Aly Samatta',3,'',11,1),(596,'2020-09-11 13:12:40.838602','451','Morata',3,'',11,1),(597,'2020-09-11 13:12:40.845601','449','Kingsley Coman',3,'',11,1),(598,'2020-09-11 13:12:40.854605','448','Coutinho',3,'',11,1),(599,'2020-09-11 13:12:40.863604','447','Pizzi',3,'',11,1),(600,'2020-09-11 13:12:40.870603','446','Hwang Hee-Chan',3,'',11,1),(601,'2020-09-11 13:12:40.877603','445','João Félix',3,'',11,1),(602,'2020-09-11 13:12:40.884606','444','Perisic',3,'',11,1),(603,'2020-09-11 13:12:40.892607','443','Tolisso',3,'',11,1),(604,'2020-09-11 13:12:40.899607','442','Oxlade-Chamberlain',3,'',11,1),(605,'2020-09-11 13:12:40.908607','441','Dani Olmo',3,'',11,1),(606,'2020-09-11 13:12:40.915606','440','Paulo Dybala',3,'',11,1),(607,'2020-09-11 13:12:40.923608','439','Arkadiusz Milik',3,'',11,1),(608,'2020-09-11 13:12:40.930609','438','Neymar',3,'',11,1),(609,'2020-09-11 13:12:40.937609','437','Di María',3,'',11,1),(610,'2020-09-11 13:12:40.944616','436','Tammy Abraham',3,'',11,1),(611,'2020-09-11 13:12:40.950624','435','Pasalic',3,'',11,1),(612,'2020-09-11 13:12:40.961587','492','Insigne',3,'',11,1),(613,'2020-09-11 13:12:40.970593','491','Hans Hateboer',3,'',11,1),(614,'2020-09-11 13:12:40.977283','490','Sarabia',3,'',11,1),(615,'2020-09-11 13:12:40.984285','489','Moraes',3,'',11,1),(616,'2020-09-11 13:12:40.990284','488','Marquinhos',3,'',11,1),(617,'2020-09-11 13:12:40.996294','487','Griezmann',3,'',11,1),(618,'2020-09-11 13:12:41.003016','486','Bernat',3,'',11,1),(619,'2020-09-11 13:12:41.009680','485','Marcos Llorente',3,'',11,1),(620,'2020-09-11 13:12:41.016696','484','Jorginho Frello',3,'',11,1),(621,'2020-09-11 13:12:41.022702','483','Azpilicueta',3,'',11,1),(622,'2020-09-11 13:12:41.029696','482','Manor Soloman',3,'',11,1),(623,'2020-09-11 13:12:41.035697','481','Aleksey Miranchuk',3,'',11,1),(624,'2020-09-11 13:12:41.042383','480','Lukaku',3,'',11,1),(625,'2020-09-11 13:12:41.048607','479','Dembele',3,'',11,1),(626,'2020-09-11 13:12:41.054694','478','Rodrigo',3,'',11,1),(627,'2020-09-11 13:12:41.060587','477','Victor Osimhen',3,'',11,1),(628,'2020-09-11 13:12:41.067588','476','Seferovic',3,'',11,1),(629,'2020-09-11 13:12:41.074588','475','Ferrán Torres',3,'',11,1),(630,'2020-09-11 13:12:41.080588','474','Gameiro',3,'',11,1),(631,'2020-09-11 13:12:41.086588','473','Cheryshev',3,'',11,1),(632,'2020-09-11 13:12:41.094590','472','Azmoun',3,'',11,1),(633,'2020-09-11 13:12:41.101590','471','Dennis Bonaventure',3,'',11,1),(634,'2020-09-11 13:12:41.107595','470','Hakim Ziyech',3,'',11,1),(635,'2020-09-11 13:12:41.114600','469','Dzyuba',3,'',11,1),(636,'2020-09-11 13:12:41.120606','468','De Bruyne',3,'',11,1),(637,'2020-09-11 13:12:41.127610','467','Aguero',3,'',11,1),(638,'2020-09-11 13:12:41.134616','466','Wijnaldum',3,'',11,1),(639,'2020-09-11 13:12:41.140671','465','Donny van de Beek',3,'',11,1),(640,'2020-09-11 13:12:41.146643','464','Brandt',3,'',11,1),(641,'2020-09-11 13:12:41.157800','463','Gündogan',3,'',11,1),(642,'2020-09-11 13:12:41.166235','462','Foden',3,'',11,1),(643,'2020-09-11 13:12:41.173445','461','Mane',3,'',11,1),(644,'2020-09-11 13:12:41.181238','460','Jadon Sancho',3,'',11,1),(645,'2020-09-11 13:12:41.187241','459','Sergio Ramos',3,'',11,1),(646,'2020-09-11 13:12:41.194250','458','Minamino',3,'',11,1),(647,'2020-09-11 13:12:41.201253','457','Joshua Kimmich',3,'',11,1),(648,'2020-09-11 13:12:41.207518','456','Higuaín',3,'',11,1),(649,'2020-09-11 13:12:41.213516','455','Tomas Soucek',3,'',11,1),(650,'2020-09-11 13:12:41.219522','454','Semedo',3,'',11,1),(651,'2020-09-11 13:12:41.226563','509','Candreva',3,'',11,1),(652,'2020-09-11 13:12:41.232815','508','Krychowiak',3,'',11,1),(653,'2020-09-11 13:12:41.238564','507','Choupo-Moting',3,'',11,1),(654,'2020-09-11 13:12:41.246573','506','Dele Alli',3,'',11,1),(655,'2020-09-11 13:12:41.253683','505','Ansu Fati',3,'',11,1),(656,'2020-09-11 13:12:41.262452','504','Konoplyanka',3,'',11,1),(657,'2020-09-11 13:12:41.268612','503','Savic',3,'',11,1),(658,'2020-09-11 13:12:41.275460','502','Tagliafico',3,'',11,1),(659,'2020-09-11 13:12:41.281465','501','Jan Boril',3,'',11,1),(660,'2020-09-11 13:12:41.288471','500','Carles Perez',3,'',11,1),(661,'2020-09-11 13:12:41.294428','499','Thomas',3,'',11,1),(662,'2020-09-11 13:12:41.300431','498','Kondogbia',3,'',11,1),(663,'2020-09-11 13:12:41.308432','497','Héctor Herrera',3,'',11,1),(664,'2020-09-11 13:12:41.315432','496','Felipe Monteiro',3,'',11,1),(665,'2020-09-11 13:12:41.323444','495','Saúl',3,'',11,1),(666,'2020-09-11 13:12:41.329951','494','Peter Oladeji Olayinka',3,'',11,1),(667,'2020-09-11 13:12:41.335955','493','Isco',3,'',11,1),(668,'2020-09-11 13:17:54.187961','550','Lionel Messi',2,'[{\"changed\": {\"fields\": [\"Name\", \"Team\", \"Age\", \"Overall\"]}}]',11,1),(669,'2020-09-11 13:18:13.958193','530','Cristiano Ronaldo',2,'[{\"changed\": {\"fields\": [\"Name\", \"Team\", \"Age\", \"Overall\"]}}]',11,1),(670,'2020-09-11 13:18:34.490024','510','Lewandowski',2,'[{\"changed\": {\"fields\": [\"Team\", \"Age\", \"Overall\"]}}]',11,1),(671,'2020-09-12 12:37:08.418334','510','Lewandowski',3,'',11,1),(672,'2020-09-12 12:37:08.438326','511','Erling Braut Haaland',3,'',11,1),(673,'2020-09-12 12:37:08.449349','512','Serge Gnabry',3,'',11,1),(674,'2020-09-12 12:37:08.456938','517','Gabriel Jesus',3,'',11,1),(675,'2020-09-12 12:37:08.464947','516','Mertens',3,'',11,1),(676,'2020-09-12 12:37:08.473598','515','Kane',3,'',11,1),(677,'2020-09-12 12:37:08.481599','514','Depay',3,'',11,1),(678,'2020-09-12 12:37:08.490654','513','Sterling',3,'',11,1),(679,'2020-09-12 12:37:08.499658','524','Lautaro Martínez',3,'',11,1),(680,'2020-09-12 12:37:08.507663','523','Heung-Min Son',3,'',11,1),(681,'2020-09-12 12:37:08.515838','522','Luis Suárez',3,'',11,1),(682,'2020-09-12 12:37:08.525602','521','Benzema',3,'',11,1),(683,'2020-09-12 12:37:08.533999','520','Icardi',3,'',11,1),(684,'2020-09-12 12:37:08.542820','519','Kylian Mbappe',3,'',11,1),(685,'2020-09-12 12:37:08.553601','518','Josip Ilicic',3,'',11,1),(686,'2020-09-12 12:37:08.562635','534','Quincy Promes',3,'',11,1),(687,'2020-09-12 12:37:08.576635','533','Achraf Hakimi',3,'',11,1),(688,'2020-09-12 12:37:08.591637','532','Timo Werner',3,'',11,1),(689,'2020-09-12 12:37:08.602637','531','M. Sabitzer',3,'',11,1),(690,'2020-09-12 12:37:08.612642','530','Cristiano Ronaldo',3,'',11,1),(691,'2020-09-12 12:37:08.621639','529','Müller',3,'',11,1),(692,'2020-09-12 12:37:08.632639','528','Forsberg',3,'',11,1),(693,'2020-09-12 12:37:08.640642','527','Salah',3,'',11,1),(694,'2020-09-12 12:37:08.650642','526','Mislav Orsic',3,'',11,1),(695,'2020-09-12 12:37:08.662642','525','Rodrygo',3,'',11,1),(696,'2020-09-12 12:37:08.671643','553','El-Arabi',3,'',11,1),(697,'2020-09-12 12:37:08.682644','552','Mbwana Aly Samatta',3,'',11,1),(698,'2020-09-12 12:37:08.694644','551','Morata',3,'',11,1),(699,'2020-09-12 12:37:08.703646','550','Lionel Messi',3,'',11,1),(700,'2020-09-12 12:37:08.711451','549','Kingsley Coman',3,'',11,1),(701,'2020-09-12 12:37:08.721452','548','Coutinho',3,'',11,1),(702,'2020-09-12 12:37:08.729101','547','Pizzi',3,'',11,1),(703,'2020-09-12 12:37:08.737042','546','Hwang Hee-Chan',3,'',11,1),(704,'2020-09-12 12:37:08.745057','545','João Félix',3,'',11,1),(705,'2020-09-12 12:37:08.754981','544','Perisic',3,'',11,1),(706,'2020-09-12 12:37:08.762983','543','Tolisso',3,'',11,1),(707,'2020-09-12 12:37:08.770988','542','Oxlade-Chamberlain',3,'',11,1),(708,'2020-09-12 12:37:08.779076','541','Dani Olmo',3,'',11,1),(709,'2020-09-12 12:37:08.787078','540','Paulo Dybala',3,'',11,1),(710,'2020-09-12 12:37:08.795771','539','Arkadiusz Milik',3,'',11,1),(711,'2020-09-12 12:37:08.803600','538','Neymar',3,'',11,1),(712,'2020-09-12 12:37:08.812306','537','Di María',3,'',11,1),(713,'2020-09-12 12:37:08.819601','536','Tammy Abraham',3,'',11,1),(714,'2020-09-12 12:37:08.828190','535','Pasalic',3,'',11,1),(715,'2020-09-12 12:37:08.835598','559','Sergio Ramos',3,'',11,1),(716,'2020-09-12 12:37:08.844610','558','Minamino',3,'',11,1),(717,'2020-09-12 12:37:08.852769','557','Joshua Kimmich',3,'',11,1),(718,'2020-09-12 12:37:08.862600','556','Higuaín',3,'',11,1),(719,'2020-09-12 12:37:08.870601','555','Tomas Soucek',3,'',11,1),(720,'2020-09-12 12:37:08.878610','554','Semedo',3,'',11,1),(721,'2020-09-12 12:57:44.990655','611','Sergio Ramos',3,'',11,1),(722,'2020-09-12 12:57:45.003505','610','Takumi Minamino',3,'',11,1),(723,'2020-09-12 12:57:45.011646','609','Joshua Kimmich',3,'',11,1),(724,'2020-09-12 12:57:45.020654','608','Higuaín',3,'',11,1),(725,'2020-09-12 12:57:45.028646','607','Tomas Soucek',3,'',11,1),(726,'2020-09-12 12:57:45.036275','606','Nelson Semedo',3,'',11,1),(727,'2020-09-12 12:57:45.045174','605','El-Arabi',3,'',11,1),(728,'2020-09-12 12:57:45.053410','604','Mbwana Aly Samatta',3,'',11,1),(729,'2020-09-12 12:57:45.060681','603','Álvaro Morata',3,'',11,1),(730,'2020-09-12 12:57:45.069684','602','Lionel Messi',3,'',11,1),(731,'2020-09-12 12:57:45.078691','601','Kingsley Coman',3,'',11,1),(732,'2020-09-12 12:57:45.086692','600','Coutinho',3,'',11,1),(733,'2020-09-12 12:57:45.095692','599','Pizzi',3,'',11,1),(734,'2020-09-12 12:57:45.108693','598','Hwang Hee-Chan',3,'',11,1),(735,'2020-09-12 12:57:45.119694','597','João Félix',3,'',11,1),(736,'2020-09-12 12:57:45.128695','596','Perisic',3,'',11,1),(737,'2020-09-12 12:57:45.137694','595','Tolisso',3,'',11,1),(738,'2020-09-12 12:57:45.148693','594','Oxlade-Chamberlain',3,'',11,1),(739,'2020-09-12 12:57:45.156695','593','Dani Olmo',3,'',11,1),(740,'2020-09-12 12:57:45.164698','592','Paulo Dybala',3,'',11,1),(741,'2020-09-12 12:57:45.173697','591','Arkadiusz Milik',3,'',11,1),(742,'2020-09-12 12:57:45.182705','590','Neymar Jr.',3,'',11,1),(743,'2020-09-12 12:57:45.190707','589','Di María',3,'',11,1),(744,'2020-09-12 12:57:45.198186','588','Tammy Abraham',3,'',11,1),(745,'2020-09-12 12:57:45.206501','587','Pasalic',3,'',11,1),(746,'2020-09-12 12:57:45.213500','586','Quincy Promes',3,'',11,1),(747,'2020-09-12 12:57:45.221680','585','Achraf Hakimi',3,'',11,1),(748,'2020-09-12 12:57:45.230680','584','Timo Werner',3,'',11,1),(749,'2020-09-12 12:57:45.238681','583','M. Sabitzer',3,'',11,1),(750,'2020-09-12 12:57:45.245681','582','Cristiano Ronaldo',3,'',11,1),(751,'2020-09-12 12:57:45.254682','581','Thomas Müller',3,'',11,1),(752,'2020-09-12 12:57:45.262681','580','Emil Forsberg',3,'',11,1),(753,'2020-09-12 12:57:45.270686','579','Mohamed Salah',3,'',11,1),(754,'2020-09-12 12:57:45.278686','578','Mislav Orsic',3,'',11,1),(755,'2020-09-12 12:57:45.287684','577','Rodrygo',3,'',11,1),(756,'2020-09-12 12:57:45.296684','576','Lautaro Martínez',3,'',11,1),(757,'2020-09-12 12:57:45.306685','575','Heung-Min Son',3,'',11,1),(758,'2020-09-12 12:57:45.314687','574','Luis Suárez',3,'',11,1),(759,'2020-09-12 12:57:45.322690','573','Karim Benzema',3,'',11,1),(760,'2020-09-12 12:57:45.330690','572','Icardi',3,'',11,1),(761,'2020-09-12 12:57:45.338686','571','Kylian Mbappe',3,'',11,1),(762,'2020-09-12 12:57:45.347687','570','Josip Ilicic',3,'',11,1),(763,'2020-09-12 12:57:45.355689','569','Gabriel Jesus',3,'',11,1),(764,'2020-09-12 12:57:45.363689','568','Dries Mertens',3,'',11,1),(765,'2020-09-12 12:57:45.371498','567','Harry Kane',3,'',11,1),(766,'2020-09-12 12:57:45.381200','566','Memphis Depay',3,'',11,1),(767,'2020-09-12 12:57:45.389211','565','Memphis Depay',3,'',11,1),(768,'2020-09-12 12:57:45.397784','564','Memphis Depay',3,'',11,1),(769,'2020-09-12 12:57:45.405218','563','Rahim Sterling',3,'',11,1),(770,'2020-09-12 12:57:45.414218','562','Serge Gnabry',3,'',11,1),(771,'2020-09-12 12:57:45.422589','561','Erling Braut Haaland',3,'',11,1),(772,'2020-09-12 12:57:45.429586','560','Lewandowski',3,'',11,1),(773,'2020-09-12 13:03:02.466768','661','Sergio Ramos',3,'',11,1),(774,'2020-09-12 13:03:02.480767','660','Takumi Minamino',3,'',11,1),(775,'2020-09-12 13:03:02.491769','659','Joshua Kimmich',3,'',11,1),(776,'2020-09-12 13:03:02.499771','658','Higuaín',3,'',11,1),(777,'2020-09-12 13:03:02.507770','657','Tomas Soucek',3,'',11,1),(778,'2020-09-12 13:03:02.516774','656','Nelson Semedo',3,'',11,1),(779,'2020-09-12 13:03:02.524771','655','El-Arabi',3,'',11,1),(780,'2020-09-12 13:03:02.532311','654','Mbwana Aly Samatta',3,'',11,1),(781,'2020-09-12 13:03:02.540319','653','Álvaro Morata',3,'',11,1),(782,'2020-09-12 13:03:02.548332','652','Lionel Messi',3,'',11,1),(783,'2020-09-12 13:03:02.556336','651','Kingsley Coman',3,'',11,1),(784,'2020-09-12 13:03:02.563646','650','Coutinho',3,'',11,1),(785,'2020-09-12 13:03:02.571563','649','Pizzi',3,'',11,1),(786,'2020-09-12 13:03:02.579563','648','Hwang Hee-Chan',3,'',11,1),(787,'2020-09-12 13:03:02.587943','647','João Félix',3,'',11,1),(788,'2020-09-12 13:03:02.597943','646','Perisic',3,'',11,1),(789,'2020-09-12 13:03:02.606945','645','Tolisso',3,'',11,1),(790,'2020-09-12 13:03:02.618946','644','Oxlade-Chamberlain',3,'',11,1),(791,'2020-09-12 13:03:02.630946','643','Dani Olmo',3,'',11,1),(792,'2020-09-12 13:03:02.638947','642','Paulo Dybala',3,'',11,1),(793,'2020-09-12 13:03:02.647948','641','Arkadiusz Milik',3,'',11,1),(794,'2020-09-12 13:03:02.655949','640','Neymar Jr.',3,'',11,1),(795,'2020-09-12 13:03:02.663139','639','Di María',3,'',11,1),(796,'2020-09-12 13:03:02.671139','638','Tammy Abraham',3,'',11,1),(797,'2020-09-12 13:03:02.679146','637','Pasalic',3,'',11,1),(798,'2020-09-12 13:03:02.686141','636','Quincy Promes',3,'',11,1),(799,'2020-09-12 13:03:02.694787','635','Achraf Hakimi',3,'',11,1),(800,'2020-09-12 13:03:02.702785','634','Timo Werner',3,'',11,1),(801,'2020-09-12 13:03:02.710008','633','M. Sabitzer',3,'',11,1),(802,'2020-09-12 13:03:02.718144','632','Cristiano Ronaldo',3,'',11,1),(803,'2020-09-12 13:03:02.726143','631','Thomas Müller',3,'',11,1),(804,'2020-09-12 13:03:02.734143','630','Emil Forsberg',3,'',11,1),(805,'2020-09-12 13:03:02.741756','629','Mohamed Salah',3,'',11,1),(806,'2020-09-12 13:03:02.749760','628','Mislav Orsic',3,'',11,1),(807,'2020-09-12 13:03:02.757770','627','Rodrygo',3,'',11,1),(808,'2020-09-12 13:03:02.765771','626','Lautaro Martínez',3,'',11,1),(809,'2020-09-12 13:03:02.773776','625','Heung-Min Son',3,'',11,1),(810,'2020-09-12 13:03:02.781141','624','Luis Suárez',3,'',11,1),(811,'2020-09-12 13:03:02.789317','623','Karim Benzema',3,'',11,1),(812,'2020-09-12 13:03:02.797070','622','Icardi',3,'',11,1),(813,'2020-09-12 13:03:02.804531','621','Kylian Mbappe',3,'',11,1),(814,'2020-09-12 13:03:02.812339','620','Josip Ilicic',3,'',11,1),(815,'2020-09-12 13:03:02.820341','619','Gabriel Jesus',3,'',11,1),(816,'2020-09-12 13:03:02.828074','618','Dries Mertens',3,'',11,1),(817,'2020-09-12 13:03:02.836251','617','Harry Kane',3,'',11,1),(818,'2020-09-12 13:03:02.844813','616','Memphis Depay',3,'',11,1),(819,'2020-09-12 13:03:02.852816','615','Rahim Sterling',3,'',11,1),(820,'2020-09-12 13:03:02.860599','614','Serge Gnabry',3,'',11,1),(821,'2020-09-12 13:03:02.870155','613','Erling Braut Haaland',3,'',11,1),(822,'2020-09-12 13:03:02.877147','612','Lewandowski',3,'',11,1),(823,'2020-09-12 13:06:42.152738','712','None',3,'',11,1),(824,'2020-09-12 13:07:21.751344','713','Robert Lewandowski',3,'',11,1),(825,'2020-09-12 13:14:29.102134','711','Sergio Ramos',3,'',11,1),(826,'2020-09-12 13:14:29.122059','710','Takumi Minamino',3,'',11,1),(827,'2020-09-12 13:14:29.131073','709','Joshua Kimmich',3,'',11,1),(828,'2020-09-12 13:14:29.143052','708','Higuaín',3,'',11,1),(829,'2020-09-12 13:14:29.152055','707','Tomas Soucek',3,'',11,1),(830,'2020-09-12 13:14:29.160057','706','Nelson Semedo',3,'',11,1),(831,'2020-09-12 13:14:29.173059','705','El-Arabi',3,'',11,1),(832,'2020-09-12 13:14:29.185058','704','Mbwana Aly Samatta',3,'',11,1),(833,'2020-09-12 13:14:29.222060','703','Álvaro Morata',3,'',11,1),(834,'2020-09-12 13:14:29.233062','702','Lionel Messi',3,'',11,1),(835,'2020-09-12 13:14:29.244062','701','Kingsley Coman',3,'',11,1),(836,'2020-09-12 13:14:29.256063','700','Coutinho',3,'',11,1),(837,'2020-09-12 13:14:29.268065','699','Pizzi',3,'',11,1),(838,'2020-09-12 13:14:29.279066','698','Hwang Hee-Chan',3,'',11,1),(839,'2020-09-12 13:14:29.292066','697','João Félix',3,'',11,1),(840,'2020-09-12 13:14:29.303066','696','Perisic',3,'',11,1),(841,'2020-09-12 13:14:29.330069','695','Tolisso',3,'',11,1),(842,'2020-09-12 13:14:29.340070','694','Oxlade-Chamberlain',3,'',11,1),(843,'2020-09-12 13:14:29.351075','693','Dani Olmo',3,'',11,1),(844,'2020-09-12 13:14:29.363071','692','Paulo Dybala',3,'',11,1),(845,'2020-09-12 13:14:29.375072','691','Arkadiusz Milik',3,'',11,1),(846,'2020-09-12 13:14:29.384078','690','Neymar Jr.',3,'',11,1),(847,'2020-09-12 13:14:29.393073','689','Di María',3,'',11,1),(848,'2020-09-12 13:14:29.402075','688','Tammy Abraham',3,'',11,1),(849,'2020-09-12 13:14:29.411075','687','Pasalic',3,'',11,1),(850,'2020-09-12 13:14:29.422077','686','Quincy Promes',3,'',11,1),(851,'2020-09-12 13:14:29.431077','685','Achraf Hakimi',3,'',11,1),(852,'2020-09-12 13:14:29.440076','684','Timo Werner',3,'',11,1),(853,'2020-09-12 13:14:29.449077','683','M. Sabitzer',3,'',11,1),(854,'2020-09-12 13:14:29.458080','682','Cristiano Ronaldo',3,'',11,1),(855,'2020-09-12 13:14:29.469080','681','Thomas Müller',3,'',11,1),(856,'2020-09-12 13:14:29.478079','680','Emil Forsberg',3,'',11,1),(857,'2020-09-12 13:14:29.487080','679','Mohamed Salah',3,'',11,1),(858,'2020-09-12 13:14:29.496080','678','Mislav Orsic',3,'',11,1),(859,'2020-09-12 13:14:29.505081','677','Rodrygo',3,'',11,1),(860,'2020-09-12 13:14:29.514086','676','Lautaro Martínez',3,'',11,1),(861,'2020-09-12 13:14:29.522081','675','Heung-Min Son',3,'',11,1),(862,'2020-09-12 13:14:29.530085','674','Luis Suárez',3,'',11,1),(863,'2020-09-12 13:14:29.538083','673','Karim Benzema',3,'',11,1),(864,'2020-09-12 13:14:29.546085','672','Icardi',3,'',11,1),(865,'2020-09-12 13:14:29.554083','671','Kylian Mbappe',3,'',11,1),(866,'2020-09-12 13:14:29.562085','670','Josip Ilicic',3,'',11,1),(867,'2020-09-12 13:14:29.570086','669','Gabriel Jesus',3,'',11,1),(868,'2020-09-12 13:14:29.583091','668','Dries Mertens',3,'',11,1),(869,'2020-09-12 13:14:29.592090','667','Harry Kane',3,'',11,1),(870,'2020-09-12 13:14:29.600089','666','Memphis Depay',3,'',11,1),(871,'2020-09-12 13:14:29.619090','665','Rahim Sterling',3,'',11,1),(872,'2020-09-12 13:14:29.632093','664','Serge Gnabry',3,'',11,1),(873,'2020-09-12 13:14:29.646095','663','Erling Braut Haaland',3,'',11,1),(874,'2020-09-12 13:14:29.658093','662','Robert Lewandowski',3,'',11,1),(875,'2020-09-12 13:18:49.176114','757','Robert Lewandowski',3,'',11,1),(876,'2020-09-12 13:18:49.191114','740','Robert Lewandowski',3,'',11,1),(877,'2020-09-12 13:18:49.202115','723','Robert Lewandowski',3,'',11,1),(878,'2020-09-12 13:18:49.213117','717','Robert Lewandowski',3,'',11,1),(879,'2020-09-12 13:18:49.223117','715','Robert Lewandowski',3,'',11,1),(880,'2020-09-12 13:18:49.236119','714','Robert Lewandowski',3,'',11,1),(881,'2020-09-12 13:18:49.246120','758','Erling Braut Haaland',3,'',11,1),(882,'2020-09-12 13:18:49.257119','741','Erling Braut Haaland',3,'',11,1),(883,'2020-09-12 13:18:49.267120','724','Erling Braut Haaland',3,'',11,1),(884,'2020-09-12 13:18:49.277122','718','Erling Braut Haaland',3,'',11,1),(885,'2020-09-12 13:18:49.287123','716','Erling Braut Haaland',3,'',11,1),(886,'2020-09-12 13:18:49.299123','759','Serge Gnabry',3,'',11,1),(887,'2020-09-12 13:18:49.309124','742','Serge Gnabry',3,'',11,1),(888,'2020-09-12 13:18:49.319126','725','Serge Gnabry',3,'',11,1),(889,'2020-09-12 13:18:49.328125','719','Serge Gnabry',3,'',11,1),(890,'2020-09-12 13:18:49.337126','763','Gabriel Jesus',3,'',11,1),(891,'2020-09-12 13:18:49.347126','762','Dries Mertens',3,'',11,1),(892,'2020-09-12 13:18:49.358126','761','Harry Kane',3,'',11,1),(893,'2020-09-12 13:18:49.367127','760','Rahim Sterling',3,'',11,1),(894,'2020-09-12 13:18:49.376128','746','Gabriel Jesus',3,'',11,1),(895,'2020-09-12 13:18:49.388132','745','Dries Mertens',3,'',11,1),(896,'2020-09-12 13:18:49.398132','744','Harry Kane',3,'',11,1),(897,'2020-09-12 13:18:49.406132','743','Rahim Sterling',3,'',11,1),(898,'2020-09-12 13:18:49.415133','729','Gabriel Jesus',3,'',11,1),(899,'2020-09-12 13:18:49.425132','728','Dries Mertens',3,'',11,1),(900,'2020-09-12 13:18:49.436133','727','Harry Kane',3,'',11,1),(901,'2020-09-12 13:18:49.446136','726','Rahim Sterling',3,'',11,1),(902,'2020-09-12 13:18:49.454133','722','Dries Mertens',3,'',11,1),(903,'2020-09-12 13:18:49.463136','721','Harry Kane',3,'',11,1),(904,'2020-09-12 13:18:49.473332','720','Rahim Sterling',3,'',11,1),(905,'2020-09-12 13:18:49.482136','770','Lautaro Martínez',3,'',11,1),(906,'2020-09-12 13:18:49.492139','769','Heung-Min Son',3,'',11,1),(907,'2020-09-12 13:18:49.502139','768','Luis Suárez',3,'',11,1),(908,'2020-09-12 13:18:49.513137','767','Karim Benzema',3,'',11,1),(909,'2020-09-12 13:18:49.521138','766','Icardi',3,'',11,1),(910,'2020-09-12 13:18:49.529140','765','Kylian Mbappe',3,'',11,1),(911,'2020-09-12 13:18:49.538143','764','Josip Ilicic',3,'',11,1),(912,'2020-09-12 13:18:49.546142','753','Lautaro Martínez',3,'',11,1),(913,'2020-09-12 13:18:49.554140','752','Heung-Min Son',3,'',11,1),(914,'2020-09-12 13:18:49.563145','751','Luis Suárez',3,'',11,1),(915,'2020-09-12 13:18:49.571144','750','Karim Benzema',3,'',11,1),(916,'2020-09-12 13:18:49.580145','749','Icardi',3,'',11,1),(917,'2020-09-12 13:18:49.589143','748','Kylian Mbappe',3,'',11,1),(918,'2020-09-12 13:18:49.598147','747','Josip Ilicic',3,'',11,1),(919,'2020-09-12 13:18:49.606170','736','Lautaro Martínez',3,'',11,1),(920,'2020-09-12 13:18:49.616147','735','Heung-Min Son',3,'',11,1),(921,'2020-09-12 13:18:49.625145','734','Luis Suárez',3,'',11,1),(922,'2020-09-12 13:18:49.636147','733','Karim Benzema',3,'',11,1),(923,'2020-09-12 13:18:49.645149','732','Icardi',3,'',11,1),(924,'2020-09-12 13:18:49.654147','731','Kylian Mbappe',3,'',11,1),(925,'2020-09-12 13:18:49.662148','730','Josip Ilicic',3,'',11,1),(926,'2020-09-12 13:18:49.670149','774','Emil Forsberg',3,'',11,1),(927,'2020-09-12 13:18:49.677149','773','Mohamed Salah',3,'',11,1),(928,'2020-09-12 13:18:49.685160','772','Mislav Orsic',3,'',11,1),(929,'2020-09-12 13:18:49.693170','771','Rodrygo',3,'',11,1),(930,'2020-09-12 13:18:49.700971','756','Mohamed Salah',3,'',11,1),(931,'2020-09-12 13:18:49.707814','755','Mislav Orsic',3,'',11,1),(932,'2020-09-12 13:18:49.715822','754','Rodrygo',3,'',11,1),(933,'2020-09-12 13:18:49.723452','739','Mohamed Salah',3,'',11,1),(934,'2020-09-12 13:18:49.731547','738','Mislav Orsic',3,'',11,1),(935,'2020-09-12 13:18:49.739687','737','Rodrygo',3,'',11,1),(936,'2020-09-12 13:21:58.407516','800','Arkadiusz Milik',2,'[{\"changed\": {\"fields\": [\"Name\", \"Team\"]}}]',11,1),(937,'2020-09-12 13:22:44.575273','775','Robert Lewandowski',2,'[{\"changed\": {\"fields\": [\"Team\"]}}]',11,1),(938,'2020-09-12 13:22:57.149423','776','Erling Braut Haaland',2,'[{\"changed\": {\"fields\": [\"Team\"]}}]',11,1),(939,'2020-09-12 13:23:26.748772','777','Serge Gnabry',2,'[{\"changed\": {\"fields\": [\"Team\"]}}]',11,1),(940,'2020-09-12 13:23:51.501180','823','Memphis Depay',2,'[{\"changed\": {\"fields\": [\"Team\"]}}]',11,1),(941,'2020-09-12 13:23:58.078202','781','Gabriel Jesus',2,'[{\"changed\": {\"fields\": [\"Team\"]}}]',11,1),(942,'2020-09-12 13:24:12.396166','780','Dries Mertens',2,'[{\"changed\": {\"fields\": [\"Team\"]}}]',11,1),(943,'2020-09-12 13:24:19.381131','779','Harry Kane',2,'[{\"changed\": {\"fields\": [\"Team\"]}}]',11,1),(944,'2020-09-12 13:24:25.167221','778','Rahim Sterling',2,'[{\"changed\": {\"fields\": [\"Team\"]}}]',11,1),(945,'2020-09-12 13:25:04.103134','788','Lautaro Martínez',2,'[{\"changed\": {\"fields\": [\"Team\"]}}]',11,1),(946,'2020-09-12 13:25:16.345090','787','Heung-Min Son',2,'[{\"changed\": {\"fields\": [\"Team\"]}}]',11,1),(947,'2020-09-12 13:25:27.690074','786','Luis Suárez',2,'[{\"changed\": {\"fields\": [\"Team\"]}}]',11,1),(948,'2020-09-12 13:25:59.246365','785','Karim Benzema',2,'[{\"changed\": {\"fields\": [\"Team\"]}}]',11,1),(949,'2020-09-12 13:26:30.684965','784','Icardi',2,'[{\"changed\": {\"fields\": [\"Team\"]}}]',11,1),(950,'2020-09-12 13:26:35.975042','783','Kylian Mbappe',2,'[{\"changed\": {\"fields\": [\"Team\"]}}]',11,1),(951,'2020-09-12 13:26:56.614951','782','Josip Ilicic',2,'[{\"changed\": {\"fields\": [\"Team\"]}}]',11,1),(952,'2020-09-12 13:27:02.548912','824','Thomas Müller',2,'[{\"changed\": {\"fields\": [\"Team\"]}}]',11,1),(953,'2020-09-12 13:27:22.185820','797','Quincy Promes',2,'[{\"changed\": {\"fields\": [\"Team\"]}}]',11,1),(954,'2020-09-12 13:27:49.777391','796','Achraf Hakimi',2,'[{\"changed\": {\"fields\": [\"Team\"]}}]',11,1),(955,'2020-09-12 13:27:56.940291','795','Timo Werner',2,'[{\"changed\": {\"fields\": [\"Team\"]}}]',11,1),(956,'2020-09-12 13:28:24.363742','795','Cristiano Ronaldo',2,'[{\"changed\": {\"fields\": [\"Name\", \"Team\"]}}]',11,1),(957,'2020-09-12 13:28:34.843614','795','Timo Werner',2,'[{\"changed\": {\"fields\": [\"Name\"]}}]',11,1),(958,'2020-09-12 13:29:28.801640','794','M. Sabitzer',2,'[{\"changed\": {\"fields\": [\"Team\"]}}]',11,1),(959,'2020-09-12 13:29:37.369627','793','Cristiano Ronaldo',2,'[{\"changed\": {\"fields\": [\"Team\"]}}]',11,1),(960,'2020-09-12 13:29:52.196180','792','Emil Forsberg',2,'[{\"changed\": {\"fields\": [\"Team\"]}}]',11,1),(961,'2020-09-12 13:30:03.562106','791','Mohamed Salah',2,'[{\"changed\": {\"fields\": [\"Team\"]}}]',11,1),(962,'2020-09-12 13:30:12.115631','817','Nelson Semedo',2,'[{\"changed\": {\"fields\": [\"Team\"]}}]',11,1),(963,'2020-09-12 13:30:46.741897','818','Tomas Soucek',2,'[{\"changed\": {\"fields\": [\"Team\"]}}]',11,1),(964,'2020-09-12 13:31:08.889299','790','Mislav Orsic',2,'[{\"changed\": {\"fields\": [\"Team\"]}}]',11,1),(965,'2020-09-12 13:31:26.537842','789','Rodrygo',2,'[{\"changed\": {\"fields\": [\"Team\"]}}]',11,1),(966,'2020-09-12 13:31:52.230509','816','El-Arabi',2,'[{\"changed\": {\"fields\": [\"Team\"]}}]',11,1),(967,'2020-09-12 13:32:18.708543','815','Mbwana Aly Samatta',2,'[{\"changed\": {\"fields\": [\"Team\"]}}]',11,1),(968,'2020-09-12 13:32:32.389901','814','Álvaro Morata',2,'[{\"changed\": {\"fields\": [\"Team\"]}}]',11,1),(969,'2020-09-12 13:32:44.300405','819','Higuaín',2,'[{\"changed\": {\"fields\": [\"Team\"]}}]',11,1),(970,'2020-09-12 13:33:00.147436','820','Joshua Kimmich',2,'[{\"changed\": {\"fields\": [\"Team\"]}}]',11,1),(971,'2020-09-12 13:33:16.369936','821','Takumi Minamino',2,'[{\"changed\": {\"fields\": [\"Team\"]}}]',11,1),(972,'2020-09-12 13:33:29.047799','822','Sergio Ramos',2,'[{\"changed\": {\"fields\": [\"Team\"]}}]',11,1),(973,'2020-09-12 13:33:44.551439','798','Pasalic',2,'[{\"changed\": {\"fields\": [\"Team\"]}}]',11,1),(974,'2020-09-12 13:33:52.995224','813','Lionel Messi',2,'[{\"changed\": {\"fields\": [\"Team\"]}}]',11,1),(975,'2020-09-12 13:34:06.507364','812','Kingsley Coman',2,'[{\"changed\": {\"fields\": [\"Team\"]}}]',11,1),(976,'2020-09-12 13:34:23.103152','799','Tammy Abraham',2,'[{\"changed\": {\"fields\": [\"Team\"]}}]',11,1),(977,'2020-09-12 13:34:30.471629','801','Neymar Jr.',2,'[{\"changed\": {\"fields\": [\"Team\"]}}]',11,1),(978,'2020-09-12 13:34:49.566617','802','Arkadiusz Milik',2,'[{\"changed\": {\"fields\": [\"Team\"]}}]',11,1),(979,'2020-09-12 13:34:57.837289','803','Paulo Dybala',2,'[{\"changed\": {\"fields\": [\"Team\"]}}]',11,1),(980,'2020-09-12 13:35:13.730662','804','Dani Olmo',2,'[{\"changed\": {\"fields\": [\"Team\"]}}]',11,1),(981,'2020-09-12 13:35:27.265270','811','Coutinho',2,'[{\"changed\": {\"fields\": [\"Team\"]}}]',11,1),(982,'2020-09-12 13:35:45.992848','809','Hwang Hee-Chan',2,'[{\"changed\": {\"fields\": [\"Team\"]}}]',11,1),(983,'2020-09-12 13:36:12.416001','810','Pizzi',2,'[{\"changed\": {\"fields\": [\"Team\"]}}]',11,1),(984,'2020-09-12 13:36:32.387800','805','Oxlade-Chamberlain',2,'[{\"changed\": {\"fields\": [\"Team\"]}}]',11,1),(985,'2020-09-12 13:36:42.156119','808','João Félix',2,'[{\"changed\": {\"fields\": [\"Team\"]}}]',11,1),(986,'2020-09-12 13:37:01.419923','807','Perisic',2,'[{\"changed\": {\"fields\": [\"Team\"]}}]',11,1),(987,'2020-09-12 13:37:19.090898','806','Tolisso',2,'[{\"changed\": {\"fields\": [\"Team\"]}}]',11,1),(988,'2020-09-17 18:08:44.612329','775','Robert Lewandowski',2,'[{\"changed\": {\"fields\": [\"Imgsrc\"]}}]',11,1),(989,'2020-09-17 18:09:33.312273','874','None',3,'',11,1),(990,'2020-09-17 18:09:33.320274','873','None',3,'',11,1),(991,'2020-09-17 18:09:33.327274','872','None',3,'',11,1),(992,'2020-09-17 18:09:33.334276','871','None',3,'',11,1),(993,'2020-09-17 18:09:33.342273','870','None',3,'',11,1),(994,'2020-09-17 18:09:33.349277','869','None',3,'',11,1),(995,'2020-09-17 18:09:33.357249','868','None',3,'',11,1),(996,'2020-09-17 18:09:33.364403','867','None',3,'',11,1),(997,'2020-09-17 18:09:33.372362','866','None',3,'',11,1),(998,'2020-09-17 18:09:33.380165','865','None',3,'',11,1),(999,'2020-09-17 18:09:33.387173','864','None',3,'',11,1),(1000,'2020-09-17 18:09:33.394183','863','None',3,'',11,1),(1001,'2020-09-17 18:09:33.402197','862','None',3,'',11,1),(1002,'2020-09-17 18:09:33.410196','861','None',3,'',11,1),(1003,'2020-09-17 18:09:33.419195','860','None',3,'',11,1),(1004,'2020-09-17 18:09:33.426206','859','None',3,'',11,1),(1005,'2020-09-17 18:09:33.434210','858','None',3,'',11,1),(1006,'2020-09-17 18:09:33.441213','857','None',3,'',11,1),(1007,'2020-09-17 18:09:33.449014','856','None',3,'',11,1),(1008,'2020-09-17 18:09:33.456235','855','None',3,'',11,1),(1009,'2020-09-17 18:09:33.463247','854','None',3,'',11,1),(1010,'2020-09-17 18:09:33.470037','853','None',3,'',11,1),(1011,'2020-09-17 18:09:33.477107','852','None',3,'',11,1),(1012,'2020-09-17 18:09:33.483115','851','None',3,'',11,1),(1013,'2020-09-17 18:09:33.490125','850','None',3,'',11,1),(1014,'2020-09-17 18:09:33.497249','849','None',3,'',11,1),(1015,'2020-09-17 18:09:33.504550','848','None',3,'',11,1),(1016,'2020-09-17 18:09:33.511550','847','None',3,'',11,1),(1017,'2020-09-17 18:09:33.518142','846','None',3,'',11,1),(1018,'2020-09-17 18:09:33.526147','845','None',3,'',11,1),(1019,'2020-09-17 18:09:33.532570','844','None',3,'',11,1),(1020,'2020-09-17 18:09:33.546258','843','None',3,'',11,1),(1021,'2020-09-17 18:09:33.554264','842','None',3,'',11,1),(1022,'2020-09-17 18:09:33.562121','841','None',3,'',11,1),(1023,'2020-09-17 18:09:33.569122','840','None',3,'',11,1),(1024,'2020-09-17 18:09:33.576011','839','None',3,'',11,1),(1025,'2020-09-17 18:09:33.582781','838','None',3,'',11,1),(1026,'2020-09-17 18:09:33.589786','837','None',3,'',11,1),(1027,'2020-09-17 18:09:33.597148','836','None',3,'',11,1),(1028,'2020-09-17 18:09:33.605152','835','None',3,'',11,1),(1029,'2020-09-17 18:09:33.611908','834','None',3,'',11,1),(1030,'2020-09-17 18:09:33.618636','833','None',3,'',11,1),(1031,'2020-09-17 18:09:33.626078','832','None',3,'',11,1),(1032,'2020-09-17 18:09:33.633083','831','None',3,'',11,1),(1033,'2020-09-17 18:09:33.641548','830','None',3,'',11,1),(1034,'2020-09-17 18:09:33.648691','829','None',3,'',11,1),(1035,'2020-09-17 18:09:33.655695','828','None',3,'',11,1),(1036,'2020-09-17 18:09:33.662929','827','None',3,'',11,1),(1037,'2020-09-17 18:09:33.670931','826','None',3,'',11,1),(1038,'2020-09-17 18:09:33.683934','825','None',3,'',11,1),(1039,'2020-09-17 18:09:47.146260','778','Rahim Sterling',2,'[{\"changed\": {\"fields\": [\"Imgsrc\"]}}]',11,1),(1040,'2020-09-19 09:35:08.659874','824','Thomas Müller',2,'[{\"changed\": {\"fields\": [\"Imgsrc\"]}}]',11,1),(1041,'2020-09-19 09:38:38.594580','776','Erling Braut Haaland',2,'[{\"changed\": {\"fields\": [\"Imgsrc\"]}}]',11,1),(1042,'2020-09-19 09:38:44.827762','775','Robert Lewandowski',2,'[{\"changed\": {\"fields\": [\"Imgsrc\"]}}]',11,1),(1043,'2020-09-19 09:41:17.980156','775','Robert Lewandowski',2,'[{\"changed\": {\"fields\": [\"Imgsrc\"]}}]',11,1),(1044,'2020-09-19 09:41:25.103068','776','Erling Braut Haaland',2,'[{\"changed\": {\"fields\": [\"Imgsrc\"]}}]',11,1),(1045,'2020-09-19 09:41:31.504763','777','Serge Gnabry',2,'[{\"changed\": {\"fields\": [\"Imgsrc\"]}}]',11,1),(1046,'2020-09-19 09:42:34.012941','775','Robert Lewandowski',2,'[]',11,1),(1047,'2020-09-19 09:43:30.556873','775','Robert Lewandowski',2,'[{\"changed\": {\"fields\": [\"Imgsrc\"]}}]',11,1),(1048,'2020-09-19 09:43:43.499082','776','Erling Braut Haaland',2,'[{\"changed\": {\"fields\": [\"Imgsrc\"]}}]',11,1),(1049,'2020-09-19 09:43:48.066791','777','Serge Gnabry',2,'[{\"changed\": {\"fields\": [\"Imgsrc\"]}}]',11,1),(1050,'2020-09-19 09:43:54.740915','823','Memphis Depay',2,'[{\"changed\": {\"fields\": [\"Imgsrc\"]}}]',11,1),(1051,'2020-09-19 09:44:11.802327','781','Gabriel Jesus',2,'[{\"changed\": {\"fields\": [\"Imgsrc\"]}}]',11,1),(1052,'2020-09-19 09:44:41.299553','779','Harry Kane',2,'[{\"changed\": {\"fields\": [\"Imgsrc\"]}}]',11,1),(1053,'2020-09-19 10:06:56.559753','813','Lionel Messi',2,'[{\"changed\": {\"fields\": [\"Imgsrc\"]}}]',11,1),(1054,'2020-09-19 10:47:13.800664','780','Dries Mertens',2,'[{\"changed\": {\"fields\": [\"Imgsrc\"]}}]',11,1),(1055,'2020-09-19 10:48:05.647422','778','Rahim Sterling',2,'[{\"changed\": {\"fields\": [\"Imgsrc\"]}}]',11,1),(1056,'2020-09-19 10:48:11.863081','780','Dries Mertens',2,'[{\"changed\": {\"fields\": [\"Imgsrc\"]}}]',11,1),(1057,'2020-09-19 11:18:11.107257','786','Luis Suárez',2,'[{\"changed\": {\"fields\": [\"Imgsrc\"]}}]',11,1),(1058,'2020-09-19 11:20:01.021788','786','Luis Suárez',2,'[{\"changed\": {\"fields\": [\"Imgsrc\"]}}]',11,1),(1059,'2020-09-19 11:20:06.695080','780','Dries Mertens',2,'[{\"changed\": {\"fields\": [\"Imgsrc\"]}}]',11,1),(1060,'2020-09-19 11:21:34.840155','781','Gabriel Jesus',2,'[{\"changed\": {\"fields\": [\"Imgsrc\"]}}]',11,1),(1061,'2020-09-19 11:22:04.711919','823','Memphis Depay',2,'[{\"changed\": {\"fields\": [\"Imgsrc\"]}}]',11,1),(1062,'2020-09-19 11:31:43.950899','786','Luis Suárez',2,'[{\"changed\": {\"fields\": [\"Imgsrc\"]}}]',11,1),(1063,'2020-09-19 11:33:43.706554','783','Kylian Mbappe',2,'[{\"changed\": {\"fields\": [\"Imgsrc\"]}}]',11,1),(1064,'2020-09-19 11:34:07.614488','784','Icardi',2,'[{\"changed\": {\"fields\": [\"Imgsrc\"]}}]',11,1),(1065,'2020-09-19 11:34:18.908909','787','Heung-Min Son',2,'[{\"changed\": {\"fields\": [\"Imgsrc\"]}}]',11,1),(1066,'2020-09-19 11:34:46.202635','787','Heung-Min Son',2,'[{\"changed\": {\"fields\": [\"Imgsrc\"]}}]',11,1),(1067,'2020-09-19 11:34:55.222499','785','Karim Benzema',2,'[{\"changed\": {\"fields\": [\"Imgsrc\"]}}]',11,1),(1068,'2020-09-19 11:34:56.381745','785','Karim Benzema',2,'[]',11,1),(1069,'2020-09-19 11:36:03.276423','782','Josip Ilicic',2,'[{\"changed\": {\"fields\": [\"Imgsrc\"]}}]',11,1),(1070,'2020-09-19 11:36:21.391843','788','Lautaro Martínez',2,'[{\"changed\": {\"fields\": [\"Imgsrc\"]}}]',11,1),(1071,'2020-09-19 11:36:38.347112','793','Cristiano Ronaldo',2,'[{\"changed\": {\"fields\": [\"Imgsrc\"]}}]',11,1),(1072,'2020-09-19 11:36:59.180559','824','Thomas Müller',2,'[{\"changed\": {\"fields\": [\"Imgsrc\"]}}]',11,1),(1073,'2020-09-19 11:38:28.161456','791','Mohamed Salah',2,'[{\"changed\": {\"fields\": [\"Imgsrc\"]}}]',11,1),(1074,'2020-09-19 11:38:34.575895','797','Quincy Promes',2,'[{\"changed\": {\"fields\": [\"Imgsrc\"]}}]',11,1),(1075,'2020-09-19 11:39:28.111338','797','Quincy Promes',2,'[{\"changed\": {\"fields\": [\"Imgsrc\"]}}]',11,1),(1076,'2020-09-19 11:40:09.201912','795','Timo Werner',2,'[{\"changed\": {\"fields\": [\"Imgsrc\"]}}]',11,1),(1077,'2020-09-19 11:40:36.678858','796','Achraf Hakimi',2,'[{\"changed\": {\"fields\": [\"Imgsrc\"]}}]',11,1),(1078,'2020-09-19 11:41:02.860199','792','Emil Forsberg',2,'[{\"changed\": {\"fields\": [\"Imgsrc\"]}}]',11,1),(1079,'2020-09-19 11:41:14.608198','789','Rodrygo',2,'[{\"changed\": {\"fields\": [\"Imgsrc\"]}}]',11,1),(1080,'2020-09-19 11:41:47.124085','794','M. Sabitzer',2,'[{\"changed\": {\"fields\": [\"Imgsrc\"]}}]',11,1),(1081,'2020-09-19 11:42:02.594106','790','Mislav Orsic',2,'[{\"changed\": {\"fields\": [\"Imgsrc\"]}}]',11,1),(1082,'2020-09-19 11:45:05.829834','801','Neymar Jr.',2,'[{\"changed\": {\"fields\": [\"Imgsrc\"]}}]',11,1),(1083,'2020-09-19 11:46:00.543440','814','Álvaro Morata',2,'[{\"changed\": {\"fields\": [\"Imgsrc\"]}}]',11,1),(1084,'2020-09-19 11:47:21.526524','807','Perisic',2,'[{\"changed\": {\"fields\": [\"Imgsrc\"]}}]',11,1),(1085,'2020-09-19 11:48:12.503860','802','Arkadiusz Milik',2,'[{\"changed\": {\"fields\": [\"Imgsrc\"]}}]',11,1),(1086,'2020-09-19 11:48:33.707071','818','Tomas Soucek',2,'[{\"changed\": {\"fields\": [\"Imgsrc\"]}}]',11,1),(1087,'2020-09-19 11:48:44.766504','819','Higuaín',2,'[{\"changed\": {\"fields\": [\"Imgsrc\"]}}]',11,1),(1088,'2020-09-19 11:49:08.081258','821','Takumi Minamino',2,'[{\"changed\": {\"fields\": [\"Imgsrc\"]}}]',11,1),(1089,'2020-09-19 11:49:47.680016','817','Nelson Semedo',2,'[{\"changed\": {\"fields\": [\"Imgsrc\"]}}]',11,1),(1090,'2020-09-19 11:50:08.533436','803','Paulo Dybala',2,'[{\"changed\": {\"fields\": [\"Imgsrc\"]}}]',11,1),(1091,'2020-09-19 11:50:29.221955','803','Paulo Dybala',2,'[{\"changed\": {\"fields\": [\"Overall\"]}}]',11,1),(1092,'2020-09-19 11:50:59.666329','812','Kingsley Coman',2,'[{\"changed\": {\"fields\": [\"Imgsrc\"]}}]',11,1),(1093,'2020-09-19 11:52:04.345974','808','João Félix',2,'[{\"changed\": {\"fields\": [\"Imgsrc\"]}}]',11,1),(1094,'2020-09-19 11:52:22.559147','806','Tolisso',2,'[{\"changed\": {\"fields\": [\"Imgsrc\"]}}]',11,1),(1095,'2020-09-19 11:54:07.854582','800','Arkadiusz Milik',2,'[{\"changed\": {\"fields\": [\"Imgsrc\"]}}]',11,1),(1096,'2020-09-19 11:54:32.177042','811','Coutinho',2,'[{\"changed\": {\"fields\": [\"Imgsrc\"]}}]',11,1),(1097,'2020-09-19 11:54:46.497963','805','Oxlade-Chamberlain',2,'[{\"changed\": {\"fields\": [\"Imgsrc\"]}}]',11,1),(1098,'2020-09-19 11:55:07.857579','804','Dani Olmo',2,'[{\"changed\": {\"fields\": [\"Imgsrc\"]}}]',11,1),(1099,'2020-09-19 11:56:15.318368','816','El-Arabi',2,'[{\"changed\": {\"fields\": [\"Imgsrc\"]}}]',11,1),(1100,'2020-09-19 11:56:30.646225','809','Hwang Hee-Chan',2,'[{\"changed\": {\"fields\": [\"Imgsrc\"]}}]',11,1),(1101,'2020-09-19 11:56:59.907775','810','Pizzi',2,'[{\"changed\": {\"fields\": [\"Imgsrc\"]}}]',11,1),(1102,'2020-09-19 11:58:25.135103','798','Pasalic',2,'[{\"changed\": {\"fields\": [\"Imgsrc\"]}}]',11,1),(1103,'2020-09-19 11:59:01.014700','799','Tammy Abraham',2,'[{\"changed\": {\"fields\": [\"Imgsrc\"]}}]',11,1),(1104,'2020-09-19 11:59:17.589064','815','Mbwana Aly Samatta',2,'[{\"changed\": {\"fields\": [\"Imgsrc\"]}}]',11,1),(1105,'2020-09-19 11:59:36.071189','822','Sergio Ramos',2,'[{\"changed\": {\"fields\": [\"Imgsrc\"]}}]',11,1),(1106,'2020-09-19 11:59:53.865025','820','Joshua Kimmich',2,'[{\"changed\": {\"fields\": [\"Imgsrc\"]}}]',11,1),(1107,'2020-09-19 12:00:57.882896','817','Nelson Semedo',2,'[{\"changed\": {\"fields\": [\"Imgsrc\"]}}]',11,1),(1108,'2020-09-19 12:01:44.403843','817','Nelson Semedo',2,'[{\"changed\": {\"fields\": [\"Imgsrc\"]}}]',11,1),(1109,'2020-09-19 12:05:23.154039','817','Rúben Afonso Borges Semedo',2,'[{\"changed\": {\"fields\": [\"Name\", \"Team\"]}}]',11,1),(1110,'2020-09-19 12:22:20.691216','776','Erling Braut Haaland',2,'[{\"changed\": {\"fields\": [\"Overall\"]}}]',11,1),(1111,'2020-09-20 13:03:12.000041','7','Bayern Munich',2,'[{\"changed\": {\"fields\": [\"Img\"]}}]',7,1),(1112,'2020-09-20 13:03:19.578567','9','Paris Saint-Germain',2,'[{\"changed\": {\"fields\": [\"Img\"]}}]',7,1),(1113,'2020-09-20 13:15:15.078481','10','Manchester City',2,'[{\"changed\": {\"fields\": [\"Img\"]}}]',7,1),(1114,'2020-09-20 13:15:24.754611','16','Tottenham Hotspur',2,'[{\"changed\": {\"fields\": [\"Img\"]}}]',7,1),(1115,'2020-09-20 13:15:35.143115','11','Liverpool FC',2,'[{\"changed\": {\"fields\": [\"Img\"]}}]',7,1),(1116,'2020-09-20 13:15:43.180470','23','Atalanta BC',2,'[{\"changed\": {\"fields\": [\"Img\"]}}]',7,1),(1117,'2020-09-20 13:16:16.349668','21','RB Leipzi',2,'[{\"changed\": {\"fields\": [\"Img\"]}}]',7,1),(1118,'2020-09-20 13:16:28.094617','14','Real Madrid',2,'[{\"changed\": {\"fields\": [\"Img\"]}}]',7,1),(1119,'2020-09-20 13:16:35.048445','12','FC Barcelona',2,'[{\"changed\": {\"fields\": [\"Img\"]}}]',7,1),(1120,'2020-09-20 13:16:42.497597','24','Olympique Lyon',2,'[{\"changed\": {\"fields\": [\"Img\"]}}]',7,1),(1121,'2020-09-20 13:16:52.021778','18','Juventus FC',2,'[{\"changed\": {\"fields\": [\"Img\"]}}]',7,1),(1122,'2020-09-20 13:17:04.951447','26','Valencia CF',2,'[{\"changed\": {\"fields\": [\"Img\"]}}]',7,1),(1123,'2020-09-20 13:17:14.555655','19','SSC Napoli',2,'[{\"changed\": {\"fields\": [\"Img\"]}}]',7,1),(1124,'2020-09-20 13:17:24.924139','15','Atlético Madrid',2,'[{\"changed\": {\"fields\": [\"Img\"]}}]',7,1),(1125,'2020-09-20 13:17:34.598259','27','Ajax Amsterdam',2,'[{\"changed\": {\"fields\": [\"Img\"]}}]',7,1),(1126,'2020-09-20 13:17:43.389249','13','Chelsea FC',2,'[{\"changed\": {\"fields\": [\"Img\"]}}]',7,1),(1127,'2020-09-20 13:17:54.798121','35','GNK Dinamo Zagreb',2,'[{\"changed\": {\"fields\": [\"Img\"]}}]',7,1),(1128,'2020-09-20 13:18:03.946216','22','SL Benfica',2,'[{\"changed\": {\"fields\": [\"Img\"]}}]',7,1),(1129,'2020-09-20 13:18:15.280257','20','Borussia Dortmund',2,'[{\"changed\": {\"fields\": [\"Img\"]}}]',7,1),(1130,'2020-09-20 13:18:25.948655','17','Inter Milan',2,'[{\"changed\": {\"fields\": [\"Img\"]}}]',7,1),(1131,'2020-09-20 13:18:35.134171','34','Olympiacos Piraeus',2,'[{\"changed\": {\"fields\": [\"Img\"]}}]',7,1),(1132,'2020-09-20 13:18:43.095209','30','Shakhtar Donetsk',2,'[{\"changed\": {\"fields\": [\"Img\"]}}]',7,1),(1133,'2020-09-20 13:25:24.622268','16','Tottenham Hotspur',2,'[{\"changed\": {\"fields\": [\"Img\"]}}]',7,1),(1134,'2020-09-20 13:30:14.442984','29','Zenit St. Petersburg',2,'[{\"changed\": {\"fields\": [\"Img\"]}}]',7,1),(1135,'2020-09-20 13:30:22.011107','33','KRC Genk',2,'[{\"changed\": {\"fields\": [\"Img\"]}}]',7,1),(1136,'2020-09-20 13:30:29.455887','25','Bayer 04 Leverkusen',2,'[{\"changed\": {\"fields\": [\"Img\"]}}]',7,1),(1137,'2020-09-20 13:30:40.147941','39','SK Slavia Prague',2,'[{\"changed\": {\"fields\": [\"Img\"]}}]',7,1),(1138,'2020-09-20 13:30:46.916071','36','Lokomotiv Moscow',2,'[{\"changed\": {\"fields\": [\"Img\"]}}]',7,1),(1139,'2020-09-20 13:30:54.216060','32','Club Brugge KV',2,'[{\"changed\": {\"fields\": [\"Img\"]}}]',7,1),(1140,'2020-09-20 13:31:01.609090','28','LOSC Lille',2,'[{\"changed\": {\"fields\": [\"Img\"]}}]',7,1),(1141,'2020-09-20 13:31:15.780967','37','Galatasaray SK',2,'[{\"changed\": {\"fields\": [\"Img\"]}}]',7,1),(1142,'2020-09-20 13:31:24.874989','31','Red Bull Salzburg',2,'[{\"changed\": {\"fields\": [\"Img\"]}}]',7,1),(1143,'2020-09-20 13:31:52.618697','38','Red Star Belgrade',2,'[{\"changed\": {\"fields\": [\"Img\"]}}]',7,1),(1144,'2020-09-21 11:36:21.788367','21','Andrea Pirlo',2,'[{\"changed\": {\"fields\": [\"Img\"]}}]',9,1),(1145,'2020-09-21 11:37:41.212701','19','José Mourinho',2,'[{\"changed\": {\"fields\": [\"Img\"]}}]',9,1),(1146,'2020-09-21 11:37:53.373609','12','Thomas Tuchel',2,'[{\"changed\": {\"fields\": [\"Img\"]}}]',9,1),(1147,'2020-09-21 11:38:11.799168','25','Jorge Jesus',2,'[{\"changed\": {\"fields\": [\"Img\"]}}]',9,1),(1148,'2020-09-21 11:38:20.167021','17','Zinédine Zidane',2,'[{\"changed\": {\"fields\": [\"Img\"]}}]',9,1),(1149,'2020-09-21 11:38:31.401927','15','Ronald Koeman',2,'[{\"changed\": {\"fields\": [\"Img\"]}}]',9,1),(1150,'2020-09-21 11:39:14.176283','32','Sergey Semak',2,'[{\"changed\": {\"fields\": [\"Img\"]}}]',9,1),(1151,'2020-09-21 11:39:43.955141','13','Pep Guardiola',2,'[{\"changed\": {\"fields\": [\"Img\"]}}]',9,1),(1152,'2020-09-21 11:40:00.969538','33','Luís Castro',2,'[{\"changed\": {\"fields\": [\"Manager age\", \"Img\"]}}]',9,1),(1153,'2020-09-21 11:42:12.666967','39','Marko Nikolic',2,'[{\"changed\": {\"fields\": [\"Img\"]}}]',9,1),(1154,'2020-09-21 11:42:21.832987','41','Dejan Stanković',2,'[{\"changed\": {\"fields\": [\"Img\"]}}]',9,1),(1155,'2020-09-21 11:42:29.802650','40','Fatih Terim',2,'[{\"changed\": {\"fields\": [\"Img\"]}}]',9,1),(1156,'2020-09-21 11:42:47.089440','23','Lucien Favre',2,'[{\"changed\": {\"fields\": [\"Img\"]}}]',9,1),(1157,'2020-09-21 11:42:57.013139','18','Diego Simeone',2,'[{\"changed\": {\"fields\": [\"Img\"]}}]',9,1),(1158,'2020-09-21 11:43:07.372953','16','Frank Lampard',2,'[{\"changed\": {\"fields\": [\"Img\"]}}]',9,1),(1159,'2020-09-21 11:43:15.577558','11','Hans-Dieter Flick',2,'[{\"changed\": {\"fields\": [\"Img\"]}}]',9,1),(1160,'2020-09-21 11:43:24.401530','42','Jindrich Trpisovsky',2,'[{\"changed\": {\"fields\": [\"Img\"]}}]',9,1),(1161,'2020-09-21 11:43:35.667922','37','Pedro Martins',2,'[{\"changed\": {\"fields\": [\"Img\"]}}]',9,1),(1162,'2020-09-21 11:43:43.974119','27','Rudi Garcia',2,'[{\"changed\": {\"fields\": [\"Img\"]}}]',9,1),(1163,'2020-09-21 11:43:51.333178','24','Julian Nagelsmann',2,'[{\"changed\": {\"fields\": [\"Img\"]}}]',9,1),(1164,'2020-09-21 11:43:59.847014','22','Gennaro Gattuso',2,'[{\"changed\": {\"fields\": [\"Img\"]}}]',9,1),(1165,'2020-09-21 11:44:19.300443','20','Antonio Conte',2,'[{\"changed\": {\"fields\": [\"Img\"]}}]',9,1),(1166,'2020-09-21 11:45:15.422658','36','Hannes Wolf',2,'[{\"changed\": {\"fields\": [\"Img\"]}}]',9,1),(1167,'2020-09-21 11:45:22.540104','14','Jürgen Klopp',2,'[{\"changed\": {\"fields\": [\"Img\"]}}]',9,1),(1168,'2020-09-21 11:45:31.704937','38','Zoran Mamic',2,'[{\"changed\": {\"fields\": [\"Img\"]}}]',9,1),(1169,'2020-09-21 11:45:41.318478','31','Christophe Galtier',2,'[{\"changed\": {\"fields\": [\"Img\"]}}]',9,1),(1170,'2020-09-21 11:45:48.960961','26','Gian Piero Gasperini',2,'[{\"changed\": {\"fields\": [\"Img\"]}}]',9,1),(1171,'2020-09-21 11:45:58.543709','29','Javi Gracia',2,'[{\"changed\": {\"fields\": [\"Img\"]}}]',9,1),(1172,'2020-09-21 11:46:07.456748','34','Jesse Marsch',2,'[{\"changed\": {\"fields\": [\"Img\"]}}]',9,1),(1173,'2020-09-21 11:46:14.592873','35','Philippe Clement',2,'[{\"changed\": {\"fields\": [\"Img\"]}}]',9,1),(1174,'2020-09-21 11:46:23.054092','28','Peter Bosz',2,'[{\"changed\": {\"fields\": [\"Img\"]}}]',9,1),(1175,'2020-09-21 11:46:31.329916','30','Erik ten Hag',2,'[{\"changed\": {\"fields\": [\"Img\"]}}]',9,1),(1176,'2020-09-21 12:10:00.140177','7','Bayern Munich',2,'[{\"changed\": {\"fields\": [\"Market Value\"]}}]',7,1),(1177,'2020-09-21 12:11:24.599006','9','Paris Saint-Germain',2,'[{\"changed\": {\"fields\": [\"Market Value\"]}}]',7,1),(1178,'2020-09-21 12:11:42.365015','10','Manchester City',2,'[{\"changed\": {\"fields\": [\"Market Value\"]}}]',7,1),(1179,'2020-09-21 12:11:54.881111','16','Tottenham Hotspur',2,'[{\"changed\": {\"fields\": [\"Market Value\"]}}]',7,1),(1180,'2020-09-21 12:12:04.686424','11','Liverpool FC',2,'[{\"changed\": {\"fields\": [\"Market Value\"]}}]',7,1),(1181,'2020-09-21 12:13:23.035755','7','Bayern Munich',2,'[{\"changed\": {\"fields\": [\"Market Value\"]}}]',7,1),(1182,'2020-09-21 12:13:26.540241','9','Paris Saint-Germain',2,'[{\"changed\": {\"fields\": [\"Market Value\"]}}]',7,1),(1183,'2020-09-21 12:13:31.095339','10','Manchester City',2,'[{\"changed\": {\"fields\": [\"Market Value\"]}}]',7,1),(1184,'2020-09-21 12:13:36.630058','16','Tottenham Hotspur',2,'[{\"changed\": {\"fields\": [\"Market Value\"]}}]',7,1),(1185,'2020-09-21 12:13:41.117082','11','Liverpool FC',2,'[{\"changed\": {\"fields\": [\"Market Value\"]}}]',7,1),(1186,'2020-09-21 12:13:42.988116','11','Liverpool FC',2,'[]',7,1),(1187,'2020-09-21 12:14:12.351502','23','Atalanta BC',2,'[{\"changed\": {\"fields\": [\"Market Value\"]}}]',7,1),(1188,'2020-09-21 12:14:26.696027','7','Bayern Munich',2,'[{\"changed\": {\"fields\": [\"Market Value\"]}}]',7,1),(1189,'2020-09-21 12:14:30.843350','9','Paris Saint-Germain',2,'[{\"changed\": {\"fields\": [\"Market Value\"]}}]',7,1),(1190,'2020-09-21 12:14:34.838014','10','Manchester City',2,'[{\"changed\": {\"fields\": [\"Market Value\"]}}]',7,1),(1191,'2020-09-21 12:14:39.285292','16','Tottenham Hotspur',2,'[{\"changed\": {\"fields\": [\"Market Value\"]}}]',7,1),(1192,'2020-09-21 12:14:45.044568','11','Liverpool FC',2,'[{\"changed\": {\"fields\": [\"Market Value\"]}}]',7,1),(1193,'2020-09-21 12:16:15.345052','7','Bayern Munich',2,'[{\"changed\": {\"fields\": [\"Market Value\"]}}]',7,1),(1194,'2020-09-21 12:16:22.012012','9','Paris Saint-Germain',2,'[{\"changed\": {\"fields\": [\"Market Value\"]}}]',7,1),(1195,'2020-09-21 12:16:38.350099','7','Bayern Munich',2,'[{\"changed\": {\"fields\": [\"Market Value\"]}}]',7,1),(1196,'2020-09-21 12:16:44.537952','9','Paris Saint-Germain',2,'[{\"changed\": {\"fields\": [\"Market Value\"]}}]',7,1),(1197,'2020-09-21 12:16:52.308095','11','Liverpool FC',2,'[{\"changed\": {\"fields\": [\"Market Value\"]}}]',7,1),(1198,'2020-09-21 12:17:04.758954','10','Manchester City',2,'[{\"changed\": {\"fields\": [\"Market Value\"]}}]',7,1),(1199,'2020-09-21 12:17:12.061938','12','FC Barcelona',2,'[{\"changed\": {\"fields\": [\"Market Value\"]}}]',7,1),(1200,'2020-09-21 12:17:26.332176','13','Chelsea FC',2,'[{\"changed\": {\"fields\": [\"Market Value\"]}}]',7,1),(1201,'2020-09-21 12:17:34.043536','14','Real Madrid',2,'[{\"changed\": {\"fields\": [\"Market Value\"]}}]',7,1),(1202,'2020-09-21 12:17:50.010915','15','Atlético Madrid',2,'[{\"changed\": {\"fields\": [\"Market Value\"]}}]',7,1),(1203,'2020-09-21 12:17:55.756913','16','Tottenham Hotspur',2,'[{\"changed\": {\"fields\": [\"Market Value\"]}}]',7,1),(1204,'2020-09-21 12:18:05.073916','17','Inter Milan',2,'[{\"changed\": {\"fields\": [\"Market Value\"]}}]',7,1),(1205,'2020-09-21 12:18:17.618896','18','Juventus FC',2,'[{\"changed\": {\"fields\": [\"Market Value\"]}}]',7,1),(1206,'2020-09-21 12:18:26.943070','20','Borussia Dortmund',2,'[{\"changed\": {\"fields\": [\"Market Value\"]}}]',7,1),(1207,'2020-09-21 12:18:35.624001','19','SSC Napoli',2,'[{\"changed\": {\"fields\": [\"Market Value\"]}}]',7,1),(1208,'2020-09-21 12:18:50.840603','21','RB Leipzi',2,'[{\"changed\": {\"fields\": [\"Market Value\"]}}]',7,1),(1209,'2020-09-21 12:19:07.408873','22','SL Benfica',2,'[{\"changed\": {\"fields\": [\"Market Value\"]}}]',7,1),(1210,'2020-09-21 12:19:24.763167','23','Atalanta BC',2,'[{\"changed\": {\"fields\": [\"Market Value\"]}}]',7,1),(1211,'2020-09-21 12:19:36.413854','24','Olympique Lyon',2,'[{\"changed\": {\"fields\": [\"Market Value\"]}}]',7,1),(1212,'2020-09-21 12:19:54.531939','25','Bayer 04 Leverkusen',2,'[{\"changed\": {\"fields\": [\"Market Value\"]}}]',7,1),(1213,'2020-09-21 12:20:12.136104','26','Valencia CF',2,'[{\"changed\": {\"fields\": [\"Market Value\"]}}]',7,1),(1214,'2020-09-21 12:20:22.071922','27','Ajax Amsterdam',2,'[{\"changed\": {\"fields\": [\"Market Value\"]}}]',7,1),(1215,'2020-09-21 12:20:35.454931','28','LOSC Lille',2,'[{\"changed\": {\"fields\": [\"Market Value\"]}}]',7,1),(1216,'2020-09-21 12:20:45.857818','29','Zenit St. Petersburg',2,'[{\"changed\": {\"fields\": [\"Market Value\"]}}]',7,1),(1217,'2020-09-21 12:21:01.596809','31','Red Bull Salzburg',2,'[{\"changed\": {\"fields\": [\"Market Value\"]}}]',7,1),(1218,'2020-09-21 12:21:10.034879','30','Shakhtar Donetsk',2,'[{\"changed\": {\"fields\": [\"Market Value\"]}}]',7,1),(1219,'2020-09-21 12:21:18.715039','32','Club Brugge KV',2,'[{\"changed\": {\"fields\": [\"Market Value\"]}}]',7,1),(1220,'2020-09-21 12:21:25.693974','34','Olympiacos Piraeus',2,'[{\"changed\": {\"fields\": [\"Market Value\"]}}]',7,1),(1221,'2020-09-21 12:21:39.435100','35','GNK Dinamo Zagreb',2,'[{\"changed\": {\"fields\": [\"Market Value\"]}}]',7,1),(1222,'2020-09-21 12:21:47.324784','33','KRC Genk',2,'[{\"changed\": {\"fields\": [\"Market Value\"]}}]',7,1),(1223,'2020-09-21 12:21:54.818570','36','Lokomotiv Moscow',2,'[{\"changed\": {\"fields\": [\"Market Value\"]}}]',7,1),(1224,'2020-09-21 12:22:03.441776','37','Galatasaray SK',2,'[{\"changed\": {\"fields\": [\"Market Value\"]}}]',7,1),(1225,'2020-09-21 12:22:10.323774','38','Red Star Belgrade',2,'[{\"changed\": {\"fields\": [\"Market Value\"]}}]',7,1),(1226,'2020-09-21 12:22:17.433903','39','SK Slavia Prague',2,'[{\"changed\": {\"fields\": [\"Market Value\"]}}]',7,1),(1227,'2020-09-21 12:26:29.537941','813','Lionel Messi',2,'[{\"changed\": {\"fields\": [\"Market Value\"]}}]',11,1),(1228,'2020-09-21 12:27:51.031272','775','Robert Lewandowski',2,'[{\"changed\": {\"fields\": [\"Market Value\"]}}]',11,1),(1229,'2020-09-21 12:28:51.268598','778','Rahim Sterling',2,'[{\"changed\": {\"fields\": [\"Market Value\"]}}]',11,1),(1230,'2020-09-21 12:29:26.978701','801','Neymar Jr.',2,'[{\"changed\": {\"fields\": [\"Market Value\"]}}]',11,1),(1231,'2020-09-21 12:30:40.232444','787','Heung-Min Son',2,'[{\"changed\": {\"fields\": [\"Market Value\"]}}]',11,1),(1232,'2020-09-21 12:32:11.338896','793','Cristiano Ronaldo',2,'[{\"changed\": {\"fields\": [\"Market Value\"]}}]',11,1),(1233,'2020-09-21 12:32:28.558806','822','Sergio Ramos',2,'[{\"changed\": {\"fields\": [\"Market Value\"]}}]',11,1),(1234,'2020-09-21 12:32:47.468351','786','Luis Suárez',2,'[{\"changed\": {\"fields\": [\"Market Value\"]}}]',11,1),(1235,'2020-09-21 12:32:58.469205','803','Paulo Dybala',2,'[{\"changed\": {\"fields\": [\"Market Value\"]}}]',11,1),(1236,'2020-09-21 12:33:11.187113','783','Kylian Mbappe',2,'[{\"changed\": {\"fields\": [\"Market Value\"]}}]',11,1),(1237,'2020-09-21 12:33:30.519620','776','Erling Braut Haaland',2,'[{\"changed\": {\"fields\": [\"Market Value\"]}}]',11,1),(1238,'2020-09-21 12:33:47.419287','824','Thomas Müller',2,'[{\"changed\": {\"fields\": [\"Market Value\"]}}]',11,1),(1239,'2020-09-21 12:34:08.103456','784','Icardi',2,'[{\"changed\": {\"fields\": [\"Market Value\"]}}]',11,1),(1240,'2020-09-21 12:34:25.376362','820','Joshua Kimmich',2,'[{\"changed\": {\"fields\": [\"Market Value\"]}}]',11,1),(1241,'2020-09-21 12:34:40.342462','780','Dries Mertens',2,'[{\"changed\": {\"fields\": [\"Market Value\"]}}]',11,1),(1242,'2020-09-21 12:34:59.804345','814','Álvaro Morata',2,'[{\"changed\": {\"fields\": [\"Market Value\"]}}]',11,1),(1243,'2020-09-21 12:35:54.855243','779','Harry Kane',2,'[{\"changed\": {\"fields\": [\"Market Value\"]}}]',11,1),(1244,'2020-09-21 12:36:17.707301','807','Perisic',2,'[{\"changed\": {\"fields\": [\"Market Value\"]}}]',11,1),(1245,'2020-09-21 12:36:41.010327','802','Arkadiusz Milik',2,'[{\"changed\": {\"fields\": [\"Market Value\"]}}]',11,1),(1246,'2020-09-21 12:36:52.585281','791','Mohamed Salah',2,'[{\"changed\": {\"fields\": [\"Market Value\"]}}]',11,1),(1247,'2020-09-21 12:37:14.730297','785','Karim Benzema',2,'[{\"changed\": {\"fields\": [\"Market Value\"]}}]',11,1),(1248,'2020-09-21 12:37:40.612323','776','Erling Braut Haaland',2,'[{\"changed\": {\"fields\": [\"Market Value\"]}}]',11,1),(1249,'2020-09-21 12:38:01.108134','808','João Félix',2,'[{\"changed\": {\"fields\": [\"Market Value\"]}}]',11,1),(1250,'2020-09-21 12:38:21.925549','781','Gabriel Jesus',2,'[{\"changed\": {\"fields\": [\"Market Value\"]}}]',11,1),(1251,'2020-09-21 12:38:39.051118','777','Serge Gnabry',2,'[{\"changed\": {\"fields\": [\"Market Value\"]}}]',11,1),(1252,'2020-09-21 12:39:10.107470','823','Memphis Depay',2,'[{\"changed\": {\"fields\": [\"Market Value\"]}}]',11,1),(1253,'2020-09-21 12:39:23.736070','812','Kingsley Coman',2,'[{\"changed\": {\"fields\": [\"Market Value\"]}}]',11,1),(1254,'2020-09-21 12:39:37.280192','806','Tolisso',2,'[{\"changed\": {\"fields\": [\"Market Value\"]}}]',11,1),(1255,'2020-09-21 12:39:54.907177','800','Arkadiusz Milik',2,'[{\"changed\": {\"fields\": [\"Market Value\"]}}]',11,1),(1256,'2020-09-21 12:40:17.587157','797','Quincy Promes',2,'[{\"changed\": {\"fields\": [\"Market Value\"]}}]',11,1),(1257,'2020-09-21 12:40:32.590159','795','Timo Werner',2,'[{\"changed\": {\"fields\": [\"Market Value\"]}}]',11,1),(1258,'2020-09-21 12:40:54.352146','788','Lautaro Martínez',2,'[{\"changed\": {\"fields\": [\"Market Value\"]}}]',11,1),(1259,'2020-09-21 12:41:21.758194','817','Rúben Afonso Borges Semedo',2,'[{\"changed\": {\"fields\": [\"Market Value\"]}}]',11,1),(1260,'2020-09-21 12:41:53.067294','811','Coutinho',2,'[{\"changed\": {\"fields\": [\"Market Value\"]}}]',11,1),(1261,'2020-09-21 12:42:04.539684','796','Achraf Hakimi',2,'[{\"changed\": {\"fields\": [\"Market Value\"]}}]',11,1),(1262,'2020-09-21 12:42:22.261743','821','Takumi Minamino',2,'[{\"changed\": {\"fields\": [\"Market Value\"]}}]',11,1),(1263,'2020-09-21 12:43:03.829303','805','Oxlade-Chamberlain',2,'[{\"changed\": {\"fields\": [\"Market Value\"]}}]',11,1),(1264,'2020-09-21 12:44:28.701911','792','Emil Forsberg',2,'[{\"changed\": {\"fields\": [\"Market Value\"]}}]',11,1),(1265,'2020-09-21 12:44:51.685079','782','Josip Ilicic',2,'[{\"changed\": {\"fields\": [\"Market Value\"]}}]',11,1),(1266,'2020-09-21 12:45:13.543784','819','Higuaín',2,'[{\"changed\": {\"fields\": [\"Market Value\"]}}]',11,1),(1267,'2020-09-21 12:45:27.954947','789','Rodrygo',2,'[{\"changed\": {\"fields\": [\"Market Value\"]}}]',11,1),(1268,'2020-09-21 12:45:58.403977','804','Dani Olmo',2,'[{\"changed\": {\"fields\": [\"Market Value\"]}}]',11,1),(1269,'2020-09-21 12:46:54.977351','816','El-Arabi',2,'[{\"changed\": {\"fields\": [\"Market Value\"]}}]',11,1),(1270,'2020-09-21 12:47:07.850963','821','Takumi Minamino',2,'[{\"changed\": {\"fields\": [\"Market Value\"]}}]',11,1),(1271,'2020-09-21 12:47:33.878921','809','Hwang Hee-Chan',2,'[{\"changed\": {\"fields\": [\"Market Value\"]}}]',11,1),(1272,'2020-09-21 12:48:08.453953','794','M. Sabitzer',2,'[{\"changed\": {\"fields\": [\"Market Value\"]}}]',11,1),(1273,'2020-09-21 12:48:47.329957','790','Mislav Orsic',2,'[{\"changed\": {\"fields\": [\"Market Value\"]}}]',11,1),(1274,'2020-09-21 12:49:16.534947','810','Pizzi',2,'[{\"changed\": {\"fields\": [\"Market Value\"]}}]',11,1),(1275,'2020-09-21 12:49:55.405530','798','Pasalic',2,'[{\"changed\": {\"fields\": [\"Market Value\"]}}]',11,1),(1276,'2020-09-21 12:50:11.450890','799','Tammy Abraham',2,'[{\"changed\": {\"fields\": [\"Market Value\"]}}]',11,1),(1277,'2020-09-21 12:50:36.847650','815','Mbwana Aly Samatta',2,'[{\"changed\": {\"fields\": [\"Market Value\"]}}]',11,1),(1278,'2020-09-21 12:51:06.133810','818','Tomas Soucek',2,'[{\"changed\": {\"fields\": [\"Market Value\"]}}]',11,1),(1279,'2020-09-21 12:51:26.343092','817','Rúben Afonso Borges Semedo',2,'[{\"changed\": {\"fields\": [\"Market Value\"]}}]',11,1),(1280,'2020-09-21 12:52:25.712833','813','Lionel Messi',2,'[{\"changed\": {\"fields\": [\"Market Value\"]}}]',11,1),(1281,'2020-09-21 12:52:33.870756','777','Serge Gnabry',2,'[{\"changed\": {\"fields\": [\"Market Value\"]}}]',11,1),(1282,'2020-09-21 12:52:40.242253','808','João Félix',2,'[{\"changed\": {\"fields\": [\"Market Value\"]}}]',11,1),(1283,'2020-09-21 12:52:46.979050','803','Paulo Dybala',2,'[{\"changed\": {\"fields\": [\"Market Value\"]}}]',11,1),(1284,'2020-09-21 12:52:57.192856','776','Erling Braut Haaland',2,'[{\"changed\": {\"fields\": [\"Market Value\"]}}]',11,1),(1285,'2020-09-21 12:53:08.952693','820','Joshua Kimmich',2,'[{\"changed\": {\"fields\": [\"Market Value\"]}}]',11,1),(1286,'2020-09-21 12:53:17.312748','788','Lautaro Martínez',2,'[{\"changed\": {\"fields\": [\"Market Value\"]}}]',11,1),(1287,'2020-09-21 12:53:25.089812','787','Heung-Min Son',2,'[{\"changed\": {\"fields\": [\"Market Value\"]}}]',11,1),(1288,'2020-09-21 12:53:42.373164','795','Timo Werner',2,'[{\"changed\": {\"fields\": [\"Market Value\"]}}]',11,1),(1289,'2020-09-21 12:53:50.409717','775','Robert Lewandowski',2,'[{\"changed\": {\"fields\": [\"Market Value\"]}}]',11,1),(1290,'2020-09-21 12:53:57.806003','793','Cristiano Ronaldo',2,'[{\"changed\": {\"fields\": [\"Market Value\"]}}]',11,1),(1291,'2020-09-21 12:54:04.477813','784','Icardi',2,'[{\"changed\": {\"fields\": [\"Market Value\"]}}]',11,1),(1292,'2020-09-21 12:54:12.340702','781','Gabriel Jesus',2,'[{\"changed\": {\"fields\": [\"Market Value\"]}}]',11,1),(1293,'2020-09-21 12:54:19.060756','811','Coutinho',2,'[{\"changed\": {\"fields\": [\"Market Value\"]}}]',11,1),(1294,'2020-09-21 12:54:25.664761','796','Achraf Hakimi',2,'[{\"changed\": {\"fields\": [\"Market Value\"]}}]',11,1),(1295,'2020-09-21 12:54:31.570691','789','Rodrygo',2,'[{\"changed\": {\"fields\": [\"Market Value\"]}}]',11,1),(1296,'2020-09-21 12:54:37.613656','823','Memphis Depay',2,'[{\"changed\": {\"fields\": [\"Market Value\"]}}]',11,1),(1297,'2020-09-21 12:54:44.615686','812','Kingsley Coman',2,'[{\"changed\": {\"fields\": [\"Market Value\"]}}]',11,1),(1298,'2020-09-21 12:54:50.330180','799','Tammy Abraham',2,'[{\"changed\": {\"fields\": [\"Market Value\"]}}]',11,1),(1299,'2020-09-21 12:54:56.198681','814','Álvaro Morata',2,'[{\"changed\": {\"fields\": [\"Market Value\"]}}]',11,1),(1300,'2020-09-21 12:55:02.387673','794','M. Sabitzer',2,'[{\"changed\": {\"fields\": [\"Market Value\"]}}]',11,1),(1301,'2020-09-21 12:55:08.467561','802','Arkadiusz Milik',2,'[{\"changed\": {\"fields\": [\"Market Value\"]}}]',11,1),(1302,'2020-09-21 12:55:14.604359','785','Karim Benzema',2,'[{\"changed\": {\"fields\": [\"Market Value\"]}}]',11,1),(1303,'2020-09-21 12:55:20.563936','800','Arkadiusz Milik',2,'[{\"changed\": {\"fields\": [\"Market Value\"]}}]',11,1),(1304,'2020-09-21 12:55:27.545645','804','Dani Olmo',2,'[{\"changed\": {\"fields\": [\"Market Value\"]}}]',11,1),(1305,'2020-09-21 12:55:34.975658','824','Thomas Müller',2,'[{\"changed\": {\"fields\": [\"Market Value\"]}}]',11,1),(1306,'2020-09-21 12:55:41.816615','786','Luis Suárez',2,'[{\"changed\": {\"fields\": [\"Market Value\"]}}]',11,1),(1307,'2020-09-21 12:55:48.479270','805','Oxlade-Chamberlain',2,'[{\"changed\": {\"fields\": [\"Market Value\"]}}]',11,1),(1308,'2020-09-21 12:55:54.854997','806','Tolisso',2,'[{\"changed\": {\"fields\": [\"Market Value\"]}}]',11,1),(1309,'2020-09-21 12:56:06.342646','798','Pasalic',2,'[{\"changed\": {\"fields\": [\"Market Value\"]}}]',11,1),(1310,'2020-09-21 12:56:13.027657','783','Kylian Mbappe',2,'[{\"changed\": {\"fields\": [\"Market Value\"]}}]',11,1),(1311,'2020-09-21 12:56:20.658635','801','Neymar Jr.',2,'[{\"changed\": {\"fields\": [\"Market Value\"]}}]',11,1),(1312,'2020-09-21 12:56:28.038669','778','Rahim Sterling',2,'[{\"changed\": {\"fields\": [\"Market Value\"]}}]',11,1),(1313,'2020-09-21 12:56:34.720624','791','Mohamed Salah',2,'[{\"changed\": {\"fields\": [\"Market Value\"]}}]',11,1),(1314,'2020-09-21 12:56:41.384729','779','Harry Kane',2,'[{\"changed\": {\"fields\": [\"Market Value\"]}}]',11,1),(1315,'2020-09-21 12:56:47.853639','810','Pizzi',2,'[{\"changed\": {\"fields\": [\"Market Value\"]}}]',11,1),(1316,'2020-09-21 12:56:55.738705','816','El-Arabi',2,'[{\"changed\": {\"fields\": [\"Market Value\"]}}]',11,1),(1317,'2020-09-21 12:57:02.257659','797','Quincy Promes',2,'[{\"changed\": {\"fields\": [\"Market Value\"]}}]',11,1),(1318,'2020-09-21 12:57:10.184188','780','Dries Mertens',2,'[{\"changed\": {\"fields\": [\"Market Value\"]}}]',11,1),(1319,'2020-09-21 12:57:17.075600','792','Emil Forsberg',2,'[{\"changed\": {\"fields\": [\"Market Value\"]}}]',11,1),(1320,'2020-09-21 12:57:24.844595','818','Tomas Soucek',2,'[{\"changed\": {\"fields\": [\"Market Value\"]}}]',11,1),(1321,'2020-09-21 12:57:31.504037','782','Josip Ilicic',2,'[{\"changed\": {\"fields\": [\"Market Value\"]}}]',11,1),(1322,'2020-09-21 12:57:37.595611','807','Perisic',2,'[{\"changed\": {\"fields\": [\"Market Value\"]}}]',11,1),(1323,'2020-09-21 12:57:45.226647','819','Higuaín',2,'[{\"changed\": {\"fields\": [\"Market Value\"]}}]',11,1),(1324,'2020-09-21 12:57:52.591198','809','Hwang Hee-Chan',2,'[{\"changed\": {\"fields\": [\"Market Value\"]}}]',11,1),(1325,'2020-09-21 12:57:59.075725','822','Sergio Ramos',2,'[{\"changed\": {\"fields\": [\"Market Value\"]}}]',11,1),(1326,'2020-09-21 12:58:06.632706','821','Takumi Minamino',2,'[{\"changed\": {\"fields\": [\"Market Value\"]}}]',11,1),(1327,'2020-09-21 12:58:14.360891','815','Mbwana Aly Samatta',2,'[{\"changed\": {\"fields\": [\"Market Value\"]}}]',11,1),(1328,'2020-09-21 12:58:21.206563','790','Mislav Orsic',2,'[{\"changed\": {\"fields\": [\"Market Value\"]}}]',11,1),(1329,'2020-09-21 12:58:27.458423','817','Rúben Afonso Borges Semedo',2,'[{\"changed\": {\"fields\": [\"Market Value\"]}}]',11,1),(1330,'2020-09-24 14:02:29.542712','1','Stadium object (1)',1,'[{\"added\": {}}]',13,1),(1331,'2020-09-24 14:03:06.176229','2','Stadium object (2)',1,'[{\"added\": {}}]',13,1),(1332,'2020-09-24 14:03:21.956180','3','Stadium object (3)',1,'[{\"added\": {}}]',13,1),(1333,'2020-09-24 14:03:36.905406','4','Stadium object (4)',1,'[{\"added\": {}}]',13,1),(1334,'2020-09-24 14:03:41.916137','5','Stadium object (5)',1,'[{\"added\": {}}]',13,1),(1335,'2020-09-24 14:03:54.596869','6','Stadium object (6)',1,'[{\"added\": {}}]',13,1),(1336,'2020-09-24 14:04:10.019739','7','Stadium object (7)',1,'[{\"added\": {}}]',13,1),(1337,'2020-09-24 14:04:27.204117','8','Stadium object (8)',1,'[{\"added\": {}}]',13,1),(1338,'2020-09-24 14:05:08.337971','9','Stadium object (9)',1,'[{\"added\": {}}]',13,1),(1339,'2020-09-24 14:05:27.560235','10','Stadium object (10)',1,'[{\"added\": {}}]',13,1),(1340,'2020-09-24 14:06:00.030838','11','Stadium object (11)',1,'[{\"added\": {}}]',13,1),(1341,'2020-09-24 14:06:39.137839','12','Stadium object (12)',1,'[{\"added\": {}}]',13,1),(1342,'2020-09-24 14:07:02.512715','13','Stadium object (13)',1,'[{\"added\": {}}]',13,1),(1343,'2020-09-24 14:07:16.603661','14','Stadium object (14)',1,'[{\"added\": {}}]',13,1),(1344,'2020-09-24 14:07:31.522876','15','Stadium object (15)',1,'[{\"added\": {}}]',13,1),(1345,'2020-09-24 14:07:48.607000','16','Stadium object (16)',1,'[{\"added\": {}}]',13,1),(1346,'2020-09-24 14:08:03.790527','17','Stadium object (17)',1,'[{\"added\": {}}]',13,1),(1347,'2020-09-24 14:08:18.644558','18','Stadium object (18)',1,'[{\"added\": {}}]',13,1),(1348,'2020-09-24 14:08:35.025502','19','Stadium object (19)',1,'[{\"added\": {}}]',13,1),(1349,'2020-09-24 14:08:51.037505','20','Stadium object (20)',1,'[{\"added\": {}}]',13,1),(1350,'2020-09-24 14:09:10.677951','21','Stadium object (21)',1,'[{\"added\": {}}]',13,1),(1351,'2020-09-24 14:09:32.506472','22','Stadium object (22)',1,'[{\"added\": {}}]',13,1),(1352,'2020-09-24 14:09:51.087320','23','Stadium object (23)',1,'[{\"added\": {}}]',13,1),(1353,'2020-09-24 14:10:15.425691','24','Stadium object (24)',1,'[{\"added\": {}}]',13,1),(1354,'2020-09-24 14:10:36.108320','25','Stadium object (25)',1,'[{\"added\": {}}]',13,1),(1355,'2020-09-24 14:10:58.521171','26','Stadium object (26)',1,'[{\"added\": {}}]',13,1),(1356,'2020-09-24 14:11:24.179262','27','Stadium object (27)',1,'[{\"added\": {}}]',13,1),(1357,'2020-09-24 14:11:38.244080','28','Stadium object (28)',1,'[{\"added\": {}}]',13,1),(1358,'2020-09-24 14:12:02.579296','29','Stadium object (29)',1,'[{\"added\": {}}]',13,1),(1359,'2020-09-24 14:12:15.344054','30','Stadium object (30)',1,'[{\"added\": {}}]',13,1),(1360,'2020-09-24 14:12:31.359488','31','Stadium object (31)',1,'[{\"added\": {}}]',13,1),(1361,'2020-09-24 14:12:47.248868','32','Stadium object (32)',1,'[{\"added\": {}}]',13,1),(1362,'2020-09-24 14:13:47.741800','7','Bayern Munich',2,'[{\"changed\": {\"fields\": [\"Stadium\"]}}]',7,1),(1363,'2020-09-24 14:13:53.206978','9','Paris Saint-Germain',2,'[{\"changed\": {\"fields\": [\"Stadium\"]}}]',7,1),(1364,'2020-09-24 14:13:58.496030','10','Manchester City',2,'[{\"changed\": {\"fields\": [\"Stadium\"]}}]',7,1),(1365,'2020-09-24 14:14:10.348491','16','Tottenham Hotspur',2,'[{\"changed\": {\"fields\": [\"Stadium\"]}}]',7,1),(1366,'2020-09-24 14:14:15.564760','11','Liverpool FC',2,'[{\"changed\": {\"fields\": [\"Stadium\"]}}]',7,1),(1367,'2020-09-24 14:14:48.082194','23','Atalanta BC',2,'[{\"changed\": {\"fields\": [\"Stadium\"]}}]',7,1),(1368,'2020-09-24 14:14:54.356833','31','Red Bull Salzburg',2,'[{\"changed\": {\"fields\": [\"Stadium\"]}}]',7,1),(1369,'2020-09-24 14:15:49.379472','21','RB Leipzi',2,'[{\"changed\": {\"fields\": [\"Stadium\"]}}]',7,1),(1370,'2020-09-24 14:16:07.562530','14','Real Madrid',2,'[{\"changed\": {\"fields\": [\"Stadium\"]}}]',7,1),(1371,'2020-09-24 14:16:13.277869','12','FC Barcelona',2,'[{\"changed\": {\"fields\": [\"Stadium\"]}}]',7,1),(1372,'2020-09-24 14:16:26.344329','24','Olympique Lyon',2,'[{\"changed\": {\"fields\": [\"Stadium\"]}}]',7,1),(1373,'2020-09-24 14:16:35.855816','18','Juventus FC',2,'[{\"changed\": {\"fields\": [\"Stadium\"]}}]',7,1),(1374,'2020-09-24 14:16:43.637409','26','Valencia CF',2,'[{\"changed\": {\"fields\": [\"Stadium\"]}}]',7,1),(1375,'2020-09-24 14:16:55.200457','19','SSC Napoli',2,'[{\"changed\": {\"fields\": [\"Stadium\"]}}]',7,1),(1376,'2020-09-24 14:17:42.856311','26','Valencia CF',2,'[{\"changed\": {\"fields\": [\"Stadium\"]}}]',7,1),(1377,'2020-09-24 14:17:48.847009','15','Atlético Madrid',2,'[{\"changed\": {\"fields\": [\"Stadium\"]}}]',7,1),(1378,'2020-09-24 14:18:06.236267','27','Ajax Amsterdam',2,'[{\"changed\": {\"fields\": [\"Stadium\"]}}]',7,1),(1379,'2020-09-24 14:18:40.765153','13','Chelsea FC',2,'[{\"changed\": {\"fields\": [\"Stadium\"]}}]',7,1),(1380,'2020-09-24 14:18:58.914900','35','GNK Dinamo Zagreb',2,'[{\"changed\": {\"fields\": [\"Stadium\"]}}]',7,1),(1381,'2020-09-24 14:19:26.740000','22','SL Benfica',2,'[{\"changed\": {\"fields\": [\"Stadium\"]}}]',7,1),(1382,'2020-09-24 14:19:42.978011','20','Borussia Dortmund',2,'[{\"changed\": {\"fields\": [\"Stadium\"]}}]',7,1),(1383,'2020-09-24 14:20:00.881485','17','Inter Milan',2,'[{\"changed\": {\"fields\": [\"Stadium\"]}}]',7,1),(1384,'2020-09-24 14:20:21.628184','34','Olympiacos Piraeus',2,'[{\"changed\": {\"fields\": [\"Stadium\"]}}]',7,1),(1385,'2020-09-24 14:20:33.488315','30','Shakhtar Donetsk',2,'[{\"changed\": {\"fields\": [\"Stadium\"]}}]',7,1),(1386,'2020-09-24 14:20:45.480956','29','Zenit St. Petersburg',2,'[{\"changed\": {\"fields\": [\"Stadium\"]}}]',7,1),(1387,'2020-09-24 14:21:15.507324','33','KRC Genk',2,'[{\"changed\": {\"fields\": [\"Stadium\"]}}]',7,1),(1388,'2020-09-24 14:21:30.514396','25','Bayer 04 Leverkusen',2,'[{\"changed\": {\"fields\": [\"Stadium\"]}}]',7,1),(1389,'2020-09-24 14:21:56.445752','39','SK Slavia Prague',2,'[{\"changed\": {\"fields\": [\"Stadium\"]}}]',7,1),(1390,'2020-09-24 14:22:02.880592','36','Lokomotiv Moscow',2,'[{\"changed\": {\"fields\": [\"Stadium\"]}}]',7,1),(1391,'2020-09-24 14:22:17.484683','32','Club Brugge KV',2,'[{\"changed\": {\"fields\": [\"Stadium\"]}}]',7,1),(1392,'2020-09-24 14:22:33.038639','28','LOSC Lille',2,'[{\"changed\": {\"fields\": [\"Stadium\"]}}]',7,1),(1393,'2020-09-24 14:23:25.656529','38','Red Star Belgrade',2,'[{\"changed\": {\"fields\": [\"Stadium\"]}}]',7,1),(1394,'2020-09-24 14:23:35.863684','37','Galatasaray SK',2,'[{\"changed\": {\"fields\": [\"Stadium\"]}}]',7,1),(1395,'2020-09-24 14:27:59.085978','37','Galatasaray SK',2,'[]',7,1),(1396,'2020-09-24 16:01:11.734533','7','Bayern Munich',2,'[{\"changed\": {\"fields\": [\"Market Value\"]}}]',7,1),(1397,'2020-09-24 16:01:16.868417','9','Paris Saint-Germain',2,'[{\"changed\": {\"fields\": [\"Market Value\"]}}]',7,1),(1398,'2020-09-24 16:01:31.660508','10','Manchester City',2,'[{\"changed\": {\"fields\": [\"Market Value\"]}}]',7,1),(1399,'2020-09-24 16:01:37.156079','16','Tottenham Hotspur',2,'[{\"changed\": {\"fields\": [\"Market Value\"]}}]',7,1),(1400,'2020-09-24 16:01:42.083443','11','Liverpool FC',2,'[{\"changed\": {\"fields\": [\"Market Value\"]}}]',7,1),(1401,'2020-09-24 16:01:48.523513','23','Atalanta BC',2,'[{\"changed\": {\"fields\": [\"Market Value\"]}}]',7,1),(1402,'2020-09-24 16:01:55.419609','31','Red Bull Salzburg',2,'[{\"changed\": {\"fields\": [\"Market Value\"]}}]',7,1),(1403,'2020-09-24 16:02:01.877400','21','RB Leipzi',2,'[{\"changed\": {\"fields\": [\"Market Value\"]}}]',7,1),(1404,'2020-09-24 16:02:06.613388','14','Real Madrid',2,'[{\"changed\": {\"fields\": [\"Market Value\"]}}]',7,1),(1405,'2020-09-24 16:02:11.828377','12','FC Barcelona',2,'[{\"changed\": {\"fields\": [\"Market Value\"]}}]',7,1),(1406,'2020-09-24 16:02:17.538608','24','Olympique Lyon',2,'[{\"changed\": {\"fields\": [\"Market Value\"]}}]',7,1),(1407,'2020-09-24 16:02:24.202794','18','Juventus FC',2,'[{\"changed\": {\"fields\": [\"Market Value\"]}}]',7,1),(1408,'2020-09-24 16:02:30.108527','26','Valencia CF',2,'[{\"changed\": {\"fields\": [\"Market Value\"]}}]',7,1),(1409,'2020-09-24 16:02:37.681356','19','SSC Napoli',2,'[{\"changed\": {\"fields\": [\"Market Value\"]}}]',7,1),(1410,'2020-09-24 16:02:43.349865','15','Atlético Madrid',2,'[{\"changed\": {\"fields\": [\"Market Value\"]}}]',7,1),(1411,'2020-09-24 16:02:43.577630','15','Atlético Madrid',2,'[]',7,1),(1412,'2020-09-24 16:02:49.440386','27','Ajax Amsterdam',2,'[{\"changed\": {\"fields\": [\"Market Value\"]}}]',7,1),(1413,'2020-09-24 16:02:55.649278','13','Chelsea FC',2,'[{\"changed\": {\"fields\": [\"Market Value\"]}}]',7,1),(1414,'2020-09-24 16:03:01.235383','35','GNK Dinamo Zagreb',2,'[{\"changed\": {\"fields\": [\"Market Value\"]}}]',7,1),(1415,'2020-09-24 16:03:07.004256','22','SL Benfica',2,'[{\"changed\": {\"fields\": [\"Market Value\"]}}]',7,1),(1416,'2020-09-24 16:03:12.294058','20','Borussia Dortmund',2,'[{\"changed\": {\"fields\": [\"Market Value\"]}}]',7,1),(1417,'2020-09-24 16:03:19.632782','17','Inter Milan',2,'[{\"changed\": {\"fields\": [\"Market Value\"]}}]',7,1),(1418,'2020-09-24 16:03:26.182431','34','Olympiacos Piraeus',2,'[{\"changed\": {\"fields\": [\"Market Value\"]}}]',7,1),(1419,'2020-09-24 16:03:31.486195','30','Shakhtar Donetsk',2,'[{\"changed\": {\"fields\": [\"Market Value\"]}}]',7,1),(1420,'2020-09-24 16:03:37.829575','37','Galatasaray SK',2,'[{\"changed\": {\"fields\": [\"Market Value\"]}}]',7,1),(1421,'2020-09-24 16:03:43.372174','38','Red Star Belgrade',2,'[{\"changed\": {\"fields\": [\"Market Value\"]}}]',7,1),(1422,'2020-09-24 16:03:49.653898','28','LOSC Lille',2,'[{\"changed\": {\"fields\": [\"Market Value\"]}}]',7,1),(1423,'2020-09-24 16:03:55.629966','29','Zenit St. Petersburg',2,'[{\"changed\": {\"fields\": [\"Market Value\"]}}]',7,1),(1424,'2020-09-24 16:04:00.991837','33','KRC Genk',2,'[{\"changed\": {\"fields\": [\"Market Value\"]}}]',7,1),(1425,'2020-09-24 16:04:06.297142','25','Bayer 04 Leverkusen',2,'[{\"changed\": {\"fields\": [\"Market Value\"]}}]',7,1),(1426,'2020-09-24 16:04:19.923111','39','SK Slavia Prague',2,'[{\"changed\": {\"fields\": [\"Market Value\"]}}]',7,1),(1427,'2020-09-24 16:04:28.197787','36','Lokomotiv Moscow',2,'[{\"changed\": {\"fields\": [\"Market Value\"]}}]',7,1),(1428,'2020-09-24 16:04:33.273560','32','Club Brugge KV',2,'[{\"changed\": {\"fields\": [\"Market Value\"]}}]',7,1),(1429,'2020-09-24 16:56:07.684644','813','Lionel Messi',2,'[{\"changed\": {\"fields\": [\"Is Captain\"]}}]',11,1),(1430,'2020-09-24 17:14:21.974233','875','Manuel Neuer',1,'[{\"added\": {}}]',11,1),(1431,'2020-09-24 17:18:36.256082','822','Sergio Ramos',2,'[{\"changed\": {\"fields\": [\"Is Captain\"]}}]',11,1),(1432,'2020-09-25 10:54:10.878111','1','Manuel Neuer',1,'[{\"added\": {}}]',14,1),(1433,'2020-09-25 10:54:44.546780','7','Bayern Munich',2,'[{\"changed\": {\"fields\": [\"Club Captain\"]}}]',7,1),(1434,'2020-09-27 12:46:27.013742','2','Lionel Messi',1,'[{\"added\": {}}]',14,1),(1435,'2020-09-27 12:46:38.337406','3','Sergio Ramos',1,'[{\"added\": {}}]',14,1),(1436,'2020-09-27 12:47:03.927878','4','Girgio Chiellini',1,'[{\"added\": {}}]',14,1),(1437,'2020-09-27 12:47:32.691923','5','David Silva',1,'[{\"added\": {}}]',14,1),(1438,'2020-09-27 12:47:47.725104','6','Jordan Brian Henderson',1,'[{\"added\": {}}]',14,1),(1439,'2020-09-27 12:48:29.851587','7','Neymar Jr.',1,'[{\"added\": {}}]',14,1),(1440,'2020-09-27 12:48:37.144932','8','Erling Braut Haaland',1,'[{\"added\": {}}]',14,1),(1441,'2020-09-27 12:48:45.804443','9','Dries Mertens',1,'[{\"added\": {}}]',14,1),(1442,'2020-09-27 12:48:51.417861','10','Harry Kane',1,'[{\"added\": {}}]',14,1),(1443,'2020-09-27 12:49:02.770050','11','Álvaro Morata',1,'[{\"added\": {}}]',14,1),(1444,'2020-09-27 12:49:12.720237','12','Lautaro Martínez',1,'[{\"added\": {}}]',14,1),(1445,'2020-09-27 12:49:23.918985','13','Quincy Promes',1,'[{\"added\": {}}]',14,1),(1446,'2020-09-27 12:49:30.392422','14','Timo Werner',1,'[{\"added\": {}}]',14,1),(1447,'2020-09-27 12:49:40.654489','15','Memphis Depay',1,'[{\"added\": {}}]',14,1),(1448,'2020-09-27 12:49:47.660051','16','Rúben Afonso Borges Semedo',1,'[{\"added\": {}}]',14,1),(1449,'2020-09-27 12:49:52.845058','17','Josip Ilicic',1,'[{\"added\": {}}]',14,1),(1450,'2020-09-27 12:50:02.814487','18','Emil Forsberg',1,'[{\"added\": {}}]',14,1),(1451,'2020-09-27 12:50:11.709419','19','Mislav Orsic',1,'[{\"added\": {}}]',14,1),(1452,'2020-09-27 12:50:19.891445','20','Pizzi',1,'[{\"added\": {}}]',14,1),(1453,'2020-09-27 12:50:56.598752','21','Tomas Soucek',1,'[{\"added\": {}}]',14,1),(1454,'2020-09-27 12:51:04.402731','22','Mbwana Aly Samatta',1,'[{\"added\": {}}]',14,1),(1455,'2020-09-27 12:51:17.700269','9','Paris Saint-Germain',2,'[{\"changed\": {\"fields\": [\"Club Captain\"]}}]',7,1),(1456,'2020-09-27 12:51:38.840531','10','Manchester City',2,'[{\"changed\": {\"fields\": [\"Club Captain\"]}}]',7,1),(1457,'2020-09-27 12:51:45.425492','16','Tottenham Hotspur',2,'[{\"changed\": {\"fields\": [\"Club Captain\"]}}]',7,1),(1458,'2020-09-27 12:53:54.176924','11','Liverpool FC',2,'[{\"changed\": {\"fields\": [\"Club Captain\"]}}]',7,1),(1459,'2020-09-27 12:54:22.765074','23','Atalanta BC',2,'[{\"changed\": {\"fields\": [\"Club Captain\"]}}]',7,1),(1460,'2020-09-27 12:55:11.624523','21','RB Leipzi',2,'[{\"changed\": {\"fields\": [\"Club Captain\"]}}]',7,1),(1461,'2020-09-27 12:55:16.436481','14','Real Madrid',2,'[{\"changed\": {\"fields\": [\"Club Captain\"]}}]',7,1),(1462,'2020-09-27 12:55:21.812931','12','FC Barcelona',2,'[{\"changed\": {\"fields\": [\"Club Captain\"]}}]',7,1),(1463,'2020-09-27 12:56:03.494209','18','Juventus FC',2,'[{\"changed\": {\"fields\": [\"Club Captain\"]}}]',7,1),(1464,'2020-09-27 12:56:19.411819','19','SSC Napoli',2,'[{\"changed\": {\"fields\": [\"Club Captain\"]}}]',7,1),(1465,'2020-09-27 12:56:43.693417','15','Atlético Madrid',2,'[{\"changed\": {\"fields\": [\"Club Captain\"]}}]',7,1),(1466,'2020-09-27 12:56:58.927949','27','Ajax Amsterdam',2,'[{\"changed\": {\"fields\": [\"Club Captain\"]}}]',7,1),(1467,'2020-09-27 12:57:47.159845','13','Chelsea FC',2,'[{\"changed\": {\"fields\": [\"Club Captain\"]}}]',7,1),(1468,'2020-09-27 12:57:50.799403','13','Chelsea FC',2,'[]',7,1),(1469,'2020-09-27 12:58:14.314543','35','GNK Dinamo Zagreb',2,'[{\"changed\": {\"fields\": [\"Club Captain\"]}}]',7,1),(1470,'2020-09-27 12:58:22.440777','22','SL Benfica',2,'[{\"changed\": {\"fields\": [\"Club Captain\"]}}]',7,1),(1471,'2020-09-27 12:58:37.464578','20','Borussia Dortmund',2,'[{\"changed\": {\"fields\": [\"Club Captain\"]}}]',7,1),(1472,'2020-09-27 12:59:19.727564','17','Inter Milan',2,'[{\"changed\": {\"fields\": [\"Club Captain\"]}}]',7,1),(1473,'2020-09-27 12:59:42.551038','34','Olympiacos Piraeus',2,'[{\"changed\": {\"fields\": [\"Club Captain\"]}}]',7,1),(1474,'2020-09-27 13:00:45.709358','33','KRC Genk',2,'[{\"changed\": {\"fields\": [\"Club Captain\"]}}]',7,1),(1475,'2020-09-27 13:01:00.880190','39','SK Slavia Prague',2,'[{\"changed\": {\"fields\": [\"Club Captain\"]}}]',7,1),(1476,'2020-09-27 13:01:57.449340','24','Olympique Lyon',2,'[{\"changed\": {\"fields\": [\"Club Captain\"]}}]',7,1),(1477,'2020-09-27 13:02:51.552636','23','Andreas Ulmer',1,'[{\"added\": {}}]',14,1),(1478,'2020-09-27 13:02:59.338865','31','Red Bull Salzburg',2,'[{\"changed\": {\"fields\": [\"Club Captain\"]}}]',7,1),(1479,'2020-09-27 13:03:38.739006','24','Dani Parejo',1,'[{\"added\": {}}]',14,1),(1480,'2020-09-27 13:03:44.956884','26','Valencia CF',2,'[{\"changed\": {\"fields\": [\"Club Captain\"]}}]',7,1),(1481,'2020-09-27 13:04:07.812025','25','Taison',1,'[{\"added\": {}}]',14,1),(1482,'2020-09-27 13:04:09.710561','25','Taison',2,'[]',14,1),(1483,'2020-09-27 13:31:33.068320','30','Shakhtar Donetsk',2,'[{\"changed\": {\"fields\": [\"Club Captain\"]}}]',7,1),(1484,'2020-09-27 13:34:14.254860','26','Hulk',1,'[{\"added\": {}}]',14,1),(1485,'2020-09-27 13:34:26.030796','29','Zenit St. Petersburg',2,'[{\"changed\": {\"fields\": [\"Club Captain\"]}}]',7,1),(1486,'2020-09-27 13:34:57.405467','27','Lars Bender',1,'[{\"added\": {}}]',14,1),(1487,'2020-09-27 13:35:04.625308','25','Bayer 04 Leverkusen',2,'[{\"changed\": {\"fields\": [\"Club Captain\"]}}]',7,1),(1488,'2020-09-27 13:35:18.946030','28','Guilherme',1,'[{\"added\": {}}]',14,1),(1489,'2020-09-27 13:35:24.260447','36','Lokomotiv Moscow',2,'[{\"changed\": {\"fields\": [\"Club Captain\"]}}]',7,1),(1490,'2020-09-27 13:35:44.349341','29','Ruud Vormer',1,'[{\"added\": {}}]',14,1),(1491,'2020-09-27 13:35:50.886585','32','Club Brugge KV',2,'[{\"changed\": {\"fields\": [\"Club Captain\"]}}]',7,1),(1492,'2020-09-27 13:36:51.257422','30','José Fonte',1,'[{\"added\": {}}]',14,1),(1493,'2020-09-27 13:36:58.196813','28','LOSC Lille',2,'[{\"changed\": {\"fields\": [\"Club Captain\"]}}]',7,1),(1494,'2020-09-27 13:37:20.809768','31','Stevan Stojanovic',1,'[{\"added\": {}}]',14,1),(1495,'2020-09-27 13:37:25.878757','38','Red Star Belgrade',2,'[{\"changed\": {\"fields\": [\"Club Captain\"]}}]',7,1),(1496,'2020-09-27 13:37:48.881312','32','Fernando Muslera',1,'[{\"added\": {}}]',14,1),(1497,'2020-09-27 13:37:58.467412','37','Galatasaray SK',2,'[{\"changed\": {\"fields\": [\"Club Captain\"]}}]',7,1),(1498,'2020-09-27 13:43:02.806610','876','David Silva',1,'[{\"added\": {}}]',11,1),(1499,'2020-09-27 13:45:37.133667','877','Andreas Ulmer',1,'[{\"added\": {}}]',11,1),(1500,'2020-09-27 13:46:29.605729','878','Girgio Chiellini',1,'[{\"added\": {}}]',11,1),(1501,'2020-09-27 13:47:00.645064','879','Dani Parejo',1,'[{\"added\": {}}]',11,1),(1502,'2020-09-27 13:47:53.784366','880','Taison',1,'[{\"added\": {}}]',11,1),(1503,'2020-09-27 13:48:35.483009','881','Hulk',1,'[{\"added\": {}}]',11,1),(1504,'2020-09-27 13:49:27.192357','882','Lars Bender',1,'[{\"added\": {}}]',11,1),(1505,'2020-09-27 13:49:48.526119','882','Lars Bender',2,'[{\"changed\": {\"fields\": [\"Is Captain\"]}}]',11,1),(1506,'2020-09-27 13:49:55.099098','779','Harry Kane',2,'[{\"changed\": {\"fields\": [\"Is Captain\"]}}]',11,1),(1507,'2020-09-27 13:50:17.700633','801','Neymar Jr.',2,'[{\"changed\": {\"fields\": [\"Is Captain\"]}}]',11,1),(1508,'2020-09-27 13:50:26.047308','776','Erling Braut Haaland',2,'[{\"changed\": {\"fields\": [\"Is Captain\"]}}]',11,1),(1509,'2020-09-27 13:50:54.364968','883','Guilherme',1,'[{\"added\": {}}]',11,1),(1510,'2020-09-27 13:51:23.578900','884','Ruud Vormer',1,'[{\"added\": {}}]',11,1),(1511,'2020-09-27 13:51:49.526846','885','José Fonte',1,'[{\"added\": {}}]',11,1),(1512,'2020-09-27 13:52:31.419751','886','Stevan Stojanovic',1,'[{\"added\": {}}]',11,1),(1513,'2020-09-27 13:52:55.174262','887','Fernando Muslera',1,'[{\"added\": {}}]',11,1),(1514,'2020-09-27 13:53:28.259624','780','Dries Mertens',2,'[{\"changed\": {\"fields\": [\"Is Captain\"]}}]',11,1),(1515,'2020-09-27 13:53:35.291613','814','Álvaro Morata',2,'[{\"changed\": {\"fields\": [\"Is Captain\"]}}]',11,1),(1516,'2020-09-27 13:53:45.415588','823','Memphis Depay',2,'[{\"changed\": {\"fields\": [\"Is Captain\"]}}]',11,1),(1517,'2020-09-27 13:54:07.984536','810','Pizzi',2,'[{\"changed\": {\"fields\": [\"Is Captain\"]}}]',11,1),(1518,'2020-09-27 13:54:17.818512','815','Mbwana Aly Samatta',2,'[{\"changed\": {\"fields\": [\"Is Captain\"]}}]',11,1),(1519,'2020-09-27 13:54:24.075502','818','Tomas Soucek',2,'[{\"changed\": {\"fields\": [\"Is Captain\"]}}]',11,1),(1520,'2020-09-27 13:54:39.409055','792','Emil Forsberg',2,'[{\"changed\": {\"fields\": [\"Is Captain\"]}}]',11,1),(1521,'2020-09-27 13:54:43.816150','795','Timo Werner',2,'[{\"changed\": {\"fields\": [\"Is Captain\"]}}]',11,1),(1522,'2020-09-27 13:54:55.672290','790','Mislav Orsic',2,'[{\"changed\": {\"fields\": [\"Is Captain\"]}}]',11,1),(1523,'2020-09-27 13:55:22.664120','797','Quincy Promes',2,'[{\"changed\": {\"fields\": [\"Is Captain\"]}}]',11,1),(1524,'2020-09-27 13:55:51.139893','817','Rúben Afonso Borges Semedo',2,'[{\"changed\": {\"fields\": [\"Is Captain\"]}}]',11,1),(1525,'2020-09-27 13:56:30.806793','782','Josip Ilicic',2,'[{\"changed\": {\"fields\": [\"Is Captain\"]}}]',11,1);
/*!40000 ALTER TABLE `django_admin_log` ENABLE KEYS */;
UNLOCK TABLES;

--
-- Table structure for table `django_content_type`
--

DROP TABLE IF EXISTS `django_content_type`;
/*!40101 SET @saved_cs_client     = @@character_set_client */;
/*!50503 SET character_set_client = utf8mb4 */;
CREATE TABLE `django_content_type` (
  `id` int NOT NULL AUTO_INCREMENT,
  `app_label` varchar(100) NOT NULL,
  `model` varchar(100) NOT NULL,
  PRIMARY KEY (`id`),
  UNIQUE KEY `django_content_type_app_label_model_76bd3d3b_uniq` (`app_label`,`model`)
) ENGINE=InnoDB AUTO_INCREMENT=15 DEFAULT CHARSET=utf8mb4 COLLATE=utf8mb4_0900_ai_ci;
/*!40101 SET character_set_client = @saved_cs_client */;

--
-- Dumping data for table `django_content_type`
--

LOCK TABLES `django_content_type` WRITE;
/*!40000 ALTER TABLE `django_content_type` DISABLE KEYS */;
INSERT INTO `django_content_type` VALUES (1,'admin','logentry'),(3,'auth','group'),(2,'auth','permission'),(4,'auth','user'),(12,'ChampionsLeague','allteams'),(14,'ChampionsLeague','captain'),(7,'ChampionsLeague','club'),(8,'ChampionsLeague','group'),(9,'ChampionsLeague','manager'),(11,'ChampionsLeague','player'),(13,'ChampionsLeague','stadium'),(10,'ChampionsLeague','teamgroups'),(5,'contenttypes','contenttype'),(6,'sessions','session');
/*!40000 ALTER TABLE `django_content_type` ENABLE KEYS */;
UNLOCK TABLES;

--
-- Table structure for table `django_migrations`
--

DROP TABLE IF EXISTS `django_migrations`;
/*!40101 SET @saved_cs_client     = @@character_set_client */;
/*!50503 SET character_set_client = utf8mb4 */;
CREATE TABLE `django_migrations` (
  `id` int NOT NULL AUTO_INCREMENT,
  `app` varchar(255) NOT NULL,
  `name` varchar(255) NOT NULL,
  `applied` datetime(6) NOT NULL,
  PRIMARY KEY (`id`)
) ENGINE=InnoDB AUTO_INCREMENT=48 DEFAULT CHARSET=utf8mb4 COLLATE=utf8mb4_0900_ai_ci;
/*!40101 SET character_set_client = @saved_cs_client */;

--
-- Dumping data for table `django_migrations`
--

LOCK TABLES `django_migrations` WRITE;
/*!40000 ALTER TABLE `django_migrations` DISABLE KEYS */;
INSERT INTO `django_migrations` VALUES (1,'ChampionsLeague','0001_initial','2020-09-08 16:39:17.702558'),(2,'contenttypes','0001_initial','2020-09-08 16:39:18.007579'),(3,'auth','0001_initial','2020-09-08 16:39:18.443265'),(4,'admin','0001_initial','2020-09-08 16:39:19.392784'),(5,'admin','0002_logentry_remove_auto_add','2020-09-08 16:39:19.844750'),(6,'admin','0003_logentry_add_action_flag_choices','2020-09-08 16:39:19.858380'),(7,'contenttypes','0002_remove_content_type_name','2020-09-08 16:39:20.057853'),(8,'auth','0002_alter_permission_name_max_length','2020-09-08 16:39:20.434752'),(9,'auth','0003_alter_user_email_max_length','2020-09-08 16:39:20.476759'),(10,'auth','0004_alter_user_username_opts','2020-09-08 16:39:20.492762'),(11,'auth','0005_alter_user_last_login_null','2020-09-08 16:39:20.596420'),(12,'auth','0006_require_contenttypes_0002','2020-09-08 16:39:20.604423'),(13,'auth','0007_alter_validators_add_error_messages','2020-09-08 16:39:20.621432'),(14,'auth','0008_alter_user_username_max_length','2020-09-08 16:39:20.735315'),(15,'auth','0009_alter_user_last_name_max_length','2020-09-08 16:39:20.851505'),(16,'auth','0010_alter_group_name_max_length','2020-09-08 16:39:20.889516'),(17,'auth','0011_update_proxy_permissions','2020-09-08 16:39:20.910519'),(18,'auth','0012_alter_user_first_name_max_length','2020-09-08 16:39:21.033967'),(19,'sessions','0001_initial','2020-09-08 16:39:21.083979'),(20,'ChampionsLeague','0002_auto_20200908_2213','2020-09-08 16:43:39.165105'),(21,'ChampionsLeague','0003_auto_20200908_2326','2020-09-08 17:56:33.894114'),(22,'ChampionsLeague','0004_auto_20200908_2334','2020-09-08 18:04:39.143900'),(23,'ChampionsLeague','0005_auto_20200908_2336','2020-09-08 18:06:52.856476'),(24,'ChampionsLeague','0006_auto_20200908_2337','2020-09-08 18:07:25.712784'),(25,'ChampionsLeague','0007_auto_20200908_2354','2020-09-08 18:24:29.994824'),(26,'ChampionsLeague','0008_auto_20200908_2355','2020-09-08 18:25:56.959787'),(27,'ChampionsLeague','0009_club_rating','2020-09-09 16:00:20.961784'),(28,'ChampionsLeague','0010_auto_20200909_2136','2020-09-09 16:06:11.475772'),(29,'ChampionsLeague','0011_auto_20200910_1545','2020-09-10 10:15:13.876902'),(30,'ChampionsLeague','0012_player_goals','2020-09-10 10:16:37.716244'),(31,'ChampionsLeague','0013_auto_20200910_1605','2020-09-10 10:35:39.523149'),(32,'ChampionsLeague','0014_auto_20200910_1618','2020-09-10 10:48:48.012251'),(33,'ChampionsLeague','0015_auto_20200910_1707','2020-09-10 11:37:23.946716'),(34,'ChampionsLeague','0016_auto_20200917_2330','2020-09-17 18:00:17.315868'),(35,'ChampionsLeague','0017_auto_20200917_2336','2020-09-17 18:06:10.215393'),(36,'ChampionsLeague','0018_auto_20200920_1831','2020-09-20 13:02:15.931322'),(37,'ChampionsLeague','0019_manager_img','2020-09-21 11:35:54.918878'),(38,'ChampionsLeague','0020_club_market_value','2020-09-21 12:08:51.980174'),(39,'ChampionsLeague','0021_auto_20200921_1742','2020-09-21 12:12:58.580076'),(40,'ChampionsLeague','0022_player_market_value','2020-09-21 12:25:04.246065'),(41,'ChampionsLeague','0023_auto_20200921_1828','2020-09-21 12:58:52.003697'),(42,'ChampionsLeague','0024_auto_20200924_1924','2020-09-24 13:55:10.243900'),(43,'ChampionsLeague','0025_auto_20200924_1930','2020-09-24 14:00:32.766906'),(44,'ChampionsLeague','0026_auto_20200924_1945','2020-09-24 14:15:39.448554'),(45,'ChampionsLeague','0027_auto_20200924_2143','2020-09-24 16:13:22.251668'),(46,'ChampionsLeague','0028_auto_20200924_2225','2020-09-24 16:55:27.821473'),(47,'ChampionsLeague','0029_auto_20200927_1913','2020-09-27 13:44:17.692184');
/*!40000 ALTER TABLE `django_migrations` ENABLE KEYS */;
UNLOCK TABLES;

--
-- Table structure for table `django_session`
--

DROP TABLE IF EXISTS `django_session`;
/*!40101 SET @saved_cs_client     = @@character_set_client */;
/*!50503 SET character_set_client = utf8mb4 */;
CREATE TABLE `django_session` (
  `session_key` varchar(40) NOT NULL,
  `session_data` longtext NOT NULL,
  `expire_date` datetime(6) NOT NULL,
  PRIMARY KEY (`session_key`),
  KEY `django_session_expire_date_a5c62663` (`expire_date`)
) ENGINE=InnoDB DEFAULT CHARSET=utf8mb4 COLLATE=utf8mb4_0900_ai_ci;
/*!40101 SET character_set_client = @saved_cs_client */;

--
-- Dumping data for table `django_session`
--

LOCK TABLES `django_session` WRITE;
/*!40000 ALTER TABLE `django_session` DISABLE KEYS */;
INSERT INTO `django_session` VALUES ('1ucpgdp1l267rhyl9bbm1gjcdmilmgcy','.eJxVjEEOwiAQAP_C2ZCuFLr16L1vIMuySNXQpLQn49-VpAe9zkzmpTztW_Z7ldXPUV0UqNMvC8QPKU3EO5Xbonkp2zoH3RJ92KqnJcrzerR_g0w1ty0QAkhkEXfuE7oBUdxoDA8IBKbrKVlB0zHGZIMFDMCMiQJ-uYzq_QHdhzhD:1kFgfC:3v5toKxvUZUUf_n4sAHQ-su_6UJWUX_vpBSdDHA993s','2020-09-22 16:40:10.442563'),('5uf09nbfeu156uj3do1wmvkj7s7owabs','.eJxVjEEOwiAQAP_C2ZCuFLr16L1vIMuySNXQpLQn49-VpAe9zkzmpTztW_Z7ldXPUV0UqNMvC8QPKU3EO5Xbonkp2zoH3RJ92KqnJcrzerR_g0w1ty0QAkhkEXfuE7oBUdxoDA8IBKbrKVlB0zHGZIMFDMCMiQJ-uYzq_QHdhzhD:1kJypH:3yKOXurjAP-lbSgtAoV5qSLioyh67CUULNHVMUuUR1o','2020-10-04 12:52:19.110513'),('ezlf0lifmkktwo815sdavaa28mna89re','.eJxVjEEOwiAQAP_C2ZCuFLr16L1vIMuySNXQpLQn49-VpAe9zkzmpTztW_Z7ldXPUV0UqNMvC8QPKU3EO5Xbonkp2zoH3RJ92KqnJcrzerR_g0w1ty0QAkhkEXfuE7oBUdxoDA8IBKbrKVlB0zHGZIMFDMCMiQJ-uYzq_QHdhzhD:1kIXXl:h6GKK8HAHMqV3OeN5EbmiZZ3z3njMO7armwz4ek9a_A','2020-09-30 13:32:17.028376'),('ftqv7lszchdng58p6ss9hlu9uxp7hkvl','.eJxVjEEOwiAQAP_C2ZCuFLr16L1vIMuySNXQpLQn49-VpAe9zkzmpTztW_Z7ldXPUV0UqNMvC8QPKU3EO5Xbonkp2zoH3RJ92KqnJcrzerR_g0w1ty0QAkhkEXfuE7oBUdxoDA8IBKbrKVlB0zHGZIMFDMCMiQJ-uYzq_QHdhzhD:1kKK6z:QURNV3vFw3jdjvdQPbaFS9fiebKg-zWj1DYUs6XJAqw','2020-10-05 11:36:01.395417'),('iq12oppx5wtug0wvfpiusn1i13iurbbm','.eJxVjEEOwiAQAP_C2ZCuFLr16L1vIMuySNXQpLQn49-VpAe9zkzmpTztW_Z7ldXPUV0UqNMvC8QPKU3EO5Xbonkp2zoH3RJ92KqnJcrzerR_g0w1ty0QAkhkEXfuE7oBUdxoDA8IBKbrKVlB0zHGZIMFDMCMiQJ-uYzq_QHdhzhD:1kMW41:wLwY3hgsQ_bixA1R4vmzFolpe2QMH_47R3ym99u4gHg','2020-10-11 12:46:01.864961'),('iqbw0edmzc0jt236bybbchoym8em9avv','.eJxVjEEOwiAQAP_C2ZCuFLr16L1vIMuySNXQpLQn49-VpAe9zkzmpTztW_Z7ldXPUV0UqNMvC8QPKU3EO5Xbonkp2zoH3RJ92KqnJcrzerR_g0w1ty0QAkhkEXfuE7oBUdxoDA8IBKbrKVlB0zHGZIMFDMCMiQJ-uYzq_QHdhzhD:1kGIJg:BJIOWfY0zZ5g1KSNnmHnGBAT-Ys3rxYKjGw7Dr49Gyc','2020-09-24 08:52:28.690339'),('sz4m0tqho5dcdfcgoyosbxk8ngq8eh15','.eJxVjEEOwiAQAP_C2ZCuFLr16L1vIMuySNXQpLQn49-VpAe9zkzmpTztW_Z7ldXPUV0UqNMvC8QPKU3EO5Xbonkp2zoH3RJ92KqnJcrzerR_g0w1ty0QAkhkEXfuE7oBUdxoDA8IBKbrKVlB0zHGZIMFDMCMiQJ-uYzq_QHdhzhD:1kJZFb:jS9UTG57tgAHudzDRa1TxcIOb9iMbDrXDlrOaCVSbY8','2020-10-03 09:33:47.647648');
/*!40000 ALTER TABLE `django_session` ENABLE KEYS */;
UNLOCK TABLES;

--
-- Table structure for table `most_valuable_players`
--

DROP TABLE IF EXISTS `most_valuable_players`;
/*!40101 SET @saved_cs_client     = @@character_set_client */;
/*!50503 SET character_set_client = utf8mb4 */;
CREATE TABLE `most_valuable_players` (
  `Name` varchar(100) DEFAULT NULL,
  `Market_Value` double DEFAULT NULL
) ENGINE=InnoDB DEFAULT CHARSET=utf8mb4 COLLATE=utf8mb4_0900_ai_ci;
/*!40101 SET character_set_client = @saved_cs_client */;

--
-- Dumping data for table `most_valuable_players`
--

LOCK TABLES `most_valuable_players` WRITE;
/*!40000 ALTER TABLE `most_valuable_players` DISABLE KEYS */;
INSERT INTO `most_valuable_players` VALUES ('Kylian Mbappe',15),('Rahim Sterling',10.66),('Neymar Jr.',10.66),('Harry Kane',10),('Mohamed Salah',10),('Lionel Messi',9.33),('Serge Gnabry',7.5),('João Félix',6.75),('Erling Braut Haaland',6.67),('Paulo Dybala',6.67),('Joshua Kimmich',6.25),('Lautaro Martínez',5.83),('Heung-Min Son',5.33),('Timo Werner',5.33),('Robert Lewandowski',5),('Icardi',5),('Cristiano Ronaldo',5),('Gabriel Jesus',4.67),('Coutinho',4.67),('Achraf Hakimi',4.5),('Rodrygo',3.75),('Memphis Depay',3.67),('Tammy Abraham',3.33),('Kingsley Coman',3.33),('Álvaro Morata',3),('M. Sabitzer',2.92),('Arkadiusz Milik',2.67),('Karim Benzema',2.67),('Arkadiusz Milik',2.67),('Dani Olmo',2.62),('Thomas Müller',2.5),('Oxlade-Chamberlain',2.33),('Luis Suárez',2.33),('Tolisso',2.12),('Pasalic',2.08),('Pizzi',1.83),('Quincy Promes',1.7),('Emil Forsberg',1.5),('Dries Mertens',1.5),('Tomas Soucek',1.5),('Josip Ilicic',1.46),('Perisic',1.25),('Hwang Hee-Chan',1.25),('Higuaín',1.25),('Sergio Ramos',1.21),('Takumi Minamino',0.833),('Mbwana Aly Samatta',0.791),('Mislav Orsic',0.624),('Rúben Afonso Borges Semedo',0.583),('El-Arabi',0.249);
/*!40000 ALTER TABLE `most_valuable_players` ENABLE KEYS */;
UNLOCK TABLES;

--
-- Table structure for table `most_valuable_teams`
--

DROP TABLE IF EXISTS `most_valuable_teams`;
/*!40101 SET @saved_cs_client     = @@character_set_client */;
/*!50503 SET character_set_client = utf8mb4 */;
CREATE TABLE `most_valuable_teams` (
  `Club_Name_id` int DEFAULT NULL,
  `Market_Value` varchar(50) DEFAULT NULL
) ENGINE=InnoDB DEFAULT CHARSET=utf8mb4 COLLATE=utf8mb4_0900_ai_ci;
/*!40101 SET character_set_client = @saved_cs_client */;

--
-- Dumping data for table `most_valuable_teams`
--

LOCK TABLES `most_valuable_teams` WRITE;
/*!40000 ALTER TABLE `most_valuable_teams` DISABLE KEYS */;
INSERT INTO `most_valuable_teams` VALUES (4,'91.34'),(3,'86.39'),(5,'84.83'),(6,'76.46'),(7,'73.09'),(27,'7.06'),(1,'69.82'),(2,'65.40'),(8,'64.99'),(9,'64.54'),(10,'61.17'),(26,'6.69'),(28,'6.69'),(29,'6.54'),(30,'6.06'),(11,'54.92'),(13,'49.47'),(12,'49.17'),(14,'40.88'),(31,'4.14'),(15,'31.91'),(16,'30.79'),(32,'3.13'),(17,'27.74'),(18,'26.78'),(19,'23.53'),(20,'23.23'),(21,'19.25'),(22,'12.94'),(24,'11.64'),(23,'11.45'),(25,'10.64');
/*!40000 ALTER TABLE `most_valuable_teams` ENABLE KEYS */;
UNLOCK TABLES;

--
-- Table structure for table `top_players`
--

DROP TABLE IF EXISTS `top_players`;
/*!40101 SET @saved_cs_client     = @@character_set_client */;
/*!50503 SET character_set_client = utf8mb4 */;
CREATE TABLE `top_players` (
  `id` int NOT NULL DEFAULT '0',
  `Name` varchar(100) DEFAULT NULL,
  `Age` int unsigned DEFAULT NULL,
  `Overall` int unsigned DEFAULT NULL,
  `Club_id` int DEFAULT NULL,
  `Goals` int unsigned DEFAULT NULL,
  `imgsrc` varchar(200) DEFAULT NULL,
  `Market_Value` double DEFAULT NULL
) ENGINE=InnoDB DEFAULT CHARSET=utf8mb4 COLLATE=utf8mb4_0900_ai_ci;
/*!40101 SET character_set_client = @saved_cs_client */;

--
-- Dumping data for table `top_players`
--

LOCK TABLES `top_players` WRITE;
/*!40000 ALTER TABLE `top_players` DISABLE KEYS */;
INSERT INTO `top_players` VALUES (813,'Lionel Messi',33,99,12,3,'//as01.epimg.net/img/comunes/fotos/fichas/deportistas/m/mes/large/15167.png',9.33),(775,'Robert Lewandowski',32,98,7,15,'//as01.epimg.net/img/comunes/fotos/fichas/deportistas/l/lew/large/19319.png',5),(801,'Neymar Jr.',28,97,9,3,'//as01.epimg.net/img/comunes/fotos/fichas/deportistas/n/ney/large/19355.png',10.66),(822,'Sergio Ramos',34,97,14,2,'//as01.epimg.net/img/comunes/fotos/fichas/deportistas/s/ser/large/14962.png',1.21),(786,'Luis Suárez',33,96,12,5,'//as01.epimg.net/img/comunes/fotos/fichas/deportistas/l/lui/large/18478.png',2.33),(793,'Cristiano Ronaldo',35,96,18,4,'//as01.epimg.net/img/comunes/fotos/fichas/deportistas/c/cri/large/14558.png',5),(776,'Erling Braut Haaland',20,95,20,10,'//as01.epimg.net/img/comunes/fotos/fichas/deportistas/e/erl/large/46369.png',6.67),(783,'Kylian Mbappe',21,95,9,5,'//as01.epimg.net/img/comunes/fotos/fichas/deportistas/k/kyl/large/33539.png',15),(803,'Paulo Dybala',26,95,18,3,'//as01.epimg.net/img/comunes/fotos/fichas/deportistas/p/pau/large/20958.png',6.67),(784,'Icardi',27,93,9,5,'//as01.epimg.net/img/comunes/fotos/fichas/deportistas/i/ica/large/20961.png',5),(824,'Thomas Müller',30,93,7,4,'//as01.epimg.net/img/comunes/fotos/fichas/deportistas/m/mul/large/18302.png',2.5),(778,'Rahim Sterling',25,92,10,6,'//as01.epimg.net/img/comunes/fotos/fichas/deportistas/s/ste/large/21357.png',10.66),(780,'Dries Mertens',33,92,19,6,'//as01.epimg.net/img/comunes/fotos/fichas/deportistas/m/mer/large/19804.png',1.5),(820,'Joshua Kimmich',25,92,7,2,'//as01.epimg.net/img/comunes/fotos/fichas/deportistas/j/jos/large/31252.png',6.25),(779,'Harry Kane',27,91,16,6,'//as01.epimg.net/img/comunes/fotos/fichas/deportistas/k/kan/large/20771.png',10),(814,'Álvaro Morata',27,91,15,3,'//as01.epimg.net/img/comunes/fotos/fichas/deportistas/m/mor/large/22240.png',3),(791,'Mohamed Salah',28,91,11,4,'//as01.epimg.net/img/comunes/fotos/fichas/deportistas/s/sal/large/21766.png',10),(807,'Perisic',31,91,7,3,'//as01.epimg.net/img/comunes/fotos/fichas/deportistas/p/per/large/22661.png',1.25),(802,'Arkadiusz Milik',26,91,19,3,'//as01.epimg.net/img/comunes/fotos/fichas/deportistas/a/ark/large/20418.png',2.67),(777,'Serge Gnabry',25,90,7,9,'//as01.epimg.net/img/comunes/fotos/fichas/deportistas/s/ser/large/20737.png',7.5),(781,'Gabriel Jesus',23,90,10,6,'//as01.epimg.net/img/comunes/fotos/fichas/deportistas/g/gab/large/37013.png',4.67),(785,'Karim Benzema',32,90,14,5,'//as01.epimg.net/img/comunes/fotos/fichas/deportistas/b/ben/large/15784.png',2.67),(787,'Heung-Min Son',28,90,16,5,'//as01.epimg.net/img/comunes/fotos/fichas/deportistas/s/son/large/20434.png',5.33),(795,'Timo Werner',24,89,13,4,'//as01.epimg.net/img/comunes/fotos/fichas/deportistas/t/tim/large/22911.png',5.33),(797,'Quincy Promes',28,89,27,4,'//as01.epimg.net/img/comunes/fotos/fichas/deportistas/q/qui/large/24989.png',1.7),(806,'Tolisso',26,89,7,3,'//as01.epimg.net/img/comunes/fotos/fichas/deportistas/t/tol/large/22940.png',2.12),(808,'João Félix',20,89,15,3,'//as01.epimg.net/img/comunes/fotos/fichas/deportistas/j/joa/large/44227.png',6.75),(812,'Kingsley Coman',24,89,7,3,'//as01.epimg.net/img/comunes/fotos/fichas/deportistas/k/kin/large/20182.png',3.33),(788,'Lautaro Martínez',23,89,17,5,'//as01.epimg.net/img/comunes/fotos/fichas/deportistas/l/lau/large/34156.png',5.83),(800,'Arkadiusz Milik',32,89,19,3,'//as01.epimg.net/img/comunes/fotos/fichas/deportistas/a/ark/large/20418.png',2.67),(823,'Memphis Depay',26,89,24,6,'//as01.epimg.net/img/comunes/fotos/fichas/deportistas/d/dep/large/21564.png',3.67),(811,'Coutinho',28,88,7,3,'//as01.epimg.net/img/comunes/fotos/fichas/deportistas/c/cou/large/19546.png',4.67),(817,'Rúben Afonso Borges Semedo',26,88,34,2,'//as01.epimg.net/img/comunes/fotos/fichas/deportistas/s/sem/large/32696.png',0.583),(796,'Achraf Hakimi',21,88,17,4,'//as01.epimg.net/img/comunes/fotos/fichas/deportistas/a/ach/large/35147.png',4.5),(792,'Emil Forsberg',28,87,21,4,'//as01.epimg.net/img/comunes/fotos/fichas/deportistas/f/for/large/26182.png',1.5),(782,'Josip Ilicic',32,87,23,5,'//as01.epimg.net/img/comunes/fotos/fichas/deportistas/j/jos/large/20952.png',1.46),(821,'Takumi Minamino',25,87,11,2,'//as01.epimg.net/img/comunes/fotos/fichas/deportistas/m/min/large/36039.png',0.833),(805,'Oxlade-Chamberlain',27,87,11,3,'//as01.epimg.net/img/comunes/fotos/fichas/deportistas/o/oxl/large/19560.png',2.33),(789,'Rodrygo',19,86,14,4,'//as01.epimg.net/img/comunes/fotos/fichas/deportistas/r/rod/large/40471.png',3.75),(819,'Higuaín',32,86,18,2,'//as01.epimg.net/img/comunes/fotos/fichas/deportistas/h/hig/large/16907.png',1.25),(804,'Dani Olmo',22,85,21,3,'//as01.epimg.net/img/comunes/fotos/fichas/deportistas/silueta-generica-large.png',2.62),(794,'M. Sabitzer',26,84,21,4,'//as01.epimg.net/img/comunes/fotos/fichas/deportistas/m/m_s/large/23713.png',2.92),(809,'Hwang Hee-Chan',24,84,21,3,'//as01.epimg.net/img/comunes/fotos/fichas/deportistas/silueta-generica-large.png',1.25),(790,'Mislav Orsic',27,84,35,4,'//as01.epimg.net/img/comunes/fotos/fichas/deportistas/silueta-generica-large.png',0.624),(816,'El-Arabi',33,84,34,3,'//as01.epimg.net/img/comunes/fotos/fichas/deportistas/e/el_/100/20283.jpg',0.249),(810,'Pizzi',30,83,22,3,'//as01.epimg.net/img/comunes/fotos/fichas/deportistas/p/piz/large/19387.png',1.83),(798,'Pasalic',25,83,23,3,'//as01.epimg.net/img/comunes/fotos/fichas/deportistas/p/pas/large/25027.png',2.08),(799,'Tammy Abraham',22,82,13,3,'//as01.epimg.net/img/comunes/fotos/fichas/deportistas/t/tam/large/34877.png',3.33),(815,'Mbwana Aly Samatta',27,80,33,3,'//as01.epimg.net/img/comunes/fotos/fichas/deportistas/silueta-generica-large.png',0.791),(818,'Tomas Soucek',25,78,39,2,'//as01.epimg.net/img/comunes/fotos/fichas/deportistas/t/tom/large/39609.png',1.5);
/*!40000 ALTER TABLE `top_players` ENABLE KEYS */;
UNLOCK TABLES;

--
-- Table structure for table `top_teams`
--

DROP TABLE IF EXISTS `top_teams`;
/*!40101 SET @saved_cs_client     = @@character_set_client */;
/*!50503 SET character_set_client = utf8mb4 */;
CREATE TABLE `top_teams` (
  `Club_Name_id` int DEFAULT NULL,
  `Goals` int unsigned DEFAULT NULL
) ENGINE=InnoDB DEFAULT CHARSET=utf8mb4 COLLATE=utf8mb4_0900_ai_ci;
/*!40101 SET character_set_client = @saved_cs_client */;

--
-- Dumping data for table `top_teams`
--

LOCK TABLES `top_teams` WRITE;
/*!40000 ALTER TABLE `top_teams` DISABLE KEYS */;
INSERT INTO `top_teams` VALUES (1,43),(2,25),(3,21),(4,18),(9,18),(16,17),(7,16),(14,16),(24,16),(5,15),(11,14),(17,14),(8,13),(12,13),(19,13),(6,12),(20,12),(10,10),(13,10),(15,10),(28,10),(23,8),(27,8),(22,7),(18,5),(26,5),(21,4),(25,4),(29,4),(32,4),(31,3),(30,1);
/*!40000 ALTER TABLE `top_teams` ENABLE KEYS */;
UNLOCK TABLES;
/*!40103 SET TIME_ZONE=@OLD_TIME_ZONE */;

/*!40101 SET SQL_MODE=@OLD_SQL_MODE */;
/*!40014 SET FOREIGN_KEY_CHECKS=@OLD_FOREIGN_KEY_CHECKS */;
/*!40014 SET UNIQUE_CHECKS=@OLD_UNIQUE_CHECKS */;
/*!40101 SET CHARACTER_SET_CLIENT=@OLD_CHARACTER_SET_CLIENT */;
/*!40101 SET CHARACTER_SET_RESULTS=@OLD_CHARACTER_SET_RESULTS */;
/*!40101 SET COLLATION_CONNECTION=@OLD_COLLATION_CONNECTION */;
/*!40111 SET SQL_NOTES=@OLD_SQL_NOTES */;

-- Dump completed on 2020-09-27 19:38:54
